,Name,Birth City,Birth Country,Birth Lat,Birth Lng,College,College Lat,College Lng
0,Justin Abdelkader,"Muskegon, MI",USA,,,,,
1,Pontus Aberg,Stockholm,Sweden,,,,,
2,Pontus Aberg,Stockholm,Sweden,,,,,
3,Vitaly Abramov,Chelyabinsk,Russia,,,,,
4,Noel Acciari,"Johnston, RI",USA,,,,,
5,Kenny Agostino,"Morristown, NJ",USA,,,,,
6,Kenny Agostino,"Morristown, NJ",USA,,,,,
7,Andrew Agozzino,"Kleinburg, ON",Canada,,,,,
8,Sebastian Aho,Umea,Sweden,,,,,
9,Jake Allen,"Fredericton, NB",Canada,,,,,
10,Mark Alt,"St. Paul, MN",USA,,,,,
11,Karl Alzner,"Burnaby, BC",Canada,,,,,
12,Michael Amadio,"Sault Ste. Marie, ON",Canada,,,,,
13,Frederik Andersen,Herning,Denmark,,,,,
14,Craig Anderson,"Park Ridge, IL",USA,,,,,
15,Joey Anderson,"Roseville, MN",USA,,,,,
16,Josh Anderson,"Nanaimo, BC",Canada,,,,,
17,Jaret Anderson-Dolan,"Calgary, AB",Canada,,,,,
18,Lias Andersson,Smogen,Sweden,,,,,
19,Rasmus Andersson,Malmö,Sweden,,,,,
20,Sven Andrighetto,Zurich,Switzerland,,,,,
21,Artem Anisimov,Yaroslavl,Russia,,,,,
22,Mason Appleton,"Green Bay, WI",USA,,,,,
23,Darren Archibald,"Newmarket, ON",Canada,,,,,
24,Darren Archibald,"Newmarket, ON",Canada,,,,,
25,Josh Archibald,"Regina, SK",Canada,,,,,
26,Joel Armia,Pori,Finland,,,,,
27,Viktor Arvidsson,Skellefteå,Sweden,,,,,
28,Zach Aston-Reese,"Staten Island, NY",USA,,,,,
29,Andreas Athanasiou,"Woodbridge, ON",Canada,,,,,
30,Cam Atkinson,"Riverside, CT",USA,,,,,
31,Nicolas Aube-Kubel,"Slave Lake, AB",Canada,,,,,
32,Richard Bachman,"Salt Lake City, UT",USA,,,,,
33,David Backes,"Minneapolis, MN",USA,,,,,
34,Mikael Backlund,Vasteras,Sweden,,,,,
35,Nicklas Backstrom,Gävle,Sweden,,,,,
36,Sven Baertschi,Bern,Switzerland,,,,,
37,Josh Bailey,"Bowmanville, ON",Canada,,,,,
38,Justin Bailey,"Buffalo, NY",USA,,,,,
39,Rudolfs Balcers,Liepaja,Latvia,,,,,
40,Ivan Barbashev,Moscow,Russia,,,,,
41,Mark Barberio,"Montreal, QC",Canada,,,,,
42,Aleksander Barkov,Tampere,Finland,,,,,
43,Tyson Barrie,"Victoria, BC",Canada,,,,,
44,Matt Bartkowski,"Pittsburgh, PA",USA,,,,,
45,Mathew Barzal,"Coquitlam, BC",Canada,,,,,
46,Nathan Bastian,"Kitchener, ON",Canada,,,,,
47,Drake Batherson,"Fort Wayne, IN",USA,,,,,
48,Gavin Bayreuther,"Canaan, NH",USA,,,,,
49,Jay Beagle,"Calgary, AB",Canada,,,,,
50,Jake Bean,"Calgary, AB",Canada,,,,,
51,Nathan Beaulieu,"Strathroy, ON",Canada,,,,,
52,Nathan Beaulieu,"Strathroy, ON",Canada,,,,,
53,Anthony Beauvillier,"Sorel-Tracy, QC",Canada,,,,,
54,Matt Beleskey,"Windsor, ON",Canada,,,,,
55,Pierre-Edouard Bellemare,Le Blanc-Mesnil,France,,,,,
56,Louie Belpedio,"Chicago, IL",USA,,,,,
57,Jamie Benn,"Victoria, BC",Canada,,,,,
58,Jordie Benn,"Victoria, BC",Canada,,,,,
59,Sam Bennett,"Holland Landing, ON",Canada,,,,,
60,Matt Benning,"Edmonton, AB",Canada,,,,,
61,Patrice Bergeron,"Ancienne-Lorette, QC",Canada,,,,,
62,Patrik Berglund,Västerås,Sweden,,,,,
63,Jonathan Bernier,"Laval, QC",Canada,,,,,
64,Tyler Bertuzzi,"Sudbury, ON",Canada,,,,,
65,Alex Biega,"Montreal, QC",Canada,,,,,
66,Jordan Binnington,"Richmond Hill, ON",Canada,,,,,
67,Ben Bishop,"Denver, CO",USA,,,,,
68,Clark Bishop,"St. John's, NL",Canada,,,,,
69,Anthony Bitetto,"Island Park, NY",USA,,,,,
70,Anthony Bitetto,"Island Park, NY",USA,,,,,
71,Anders Bjork,"Mequon, WI",USA,,,,,
72,Oliver Bjorkstrand,Herning,Denmark,,,,,
73,Nick Bjugstad,"Minneapolis, MN",USA,,,,,
74,Nick Bjugstad,"Minneapolis, MN",USA,,,,,
75,Colin Blackwell,"Lawrence, MA",USA,,,,,
76,Mackenzie Blackwood,"Thunder Bay, ON",Canada,,,,,
77,Sammy Blais,"Montmagny, QC",Canada,,,,,
78,Joseph Blandisi,"Markham, ON",USA,,,,,
79,Joseph Blandisi,"Markham, ON",USA,,,,,
80,Anton Blidh,Molnlycke,Sweden,,,,,
81,Teddy Blueger,Riga,Latvia,,,,,
82,Sergei Bobrovsky,Novokuznetsk,Russia,,,,,
83,Mikkel Boedker,Brondby,Denmark,,,,,
84,Brock Boeser,"Burnsville, MN",USA,,,,,
85,Zach Bogosian,"Massena, NY",USA,,,,,
86,Nick Bonino,"Hartford, CT",USA,,,,,
87,William Borgen,"Moorhead, MN",USA,,,,,
88,Henrik Borgstrom,Helsinki,Finland,,,,,
89,Mark Borowiecki,"Ottawa, ON",Canada,,,,,
90,Robert Bortuzzo,"Thunder Bay, ON",Canada,,,,,
91,Evan Bouchard,"Oakville, ON",Canada,,,,,
92,Reid Boucher,"Grand Ledge, MI",USA,,,,,
93,Gabriel Bourque,"Rimouski, QC",Canada,,,,,
94,Jay Bouwmeester,"Edmonton, AB",Canada,,,,,
95,Landon Bow,"St. Albert, AB",Canada,,,,,
96,Madison Bowey,"Winnipeg, MB",Canada,,,,,
97,Madison Bowey,"Winnipeg, MB",Canada,,,,,
98,Johnny Boychuk,"Edmonton, AB",Canada,,,,,
99,Travis Boyd,"Hopkins, MN",USA,,,,,
100,Brian Boyle,"Hingham, MA",USA,,,,,
101,Brian Boyle,"Hingham, MA",USA,,,,,
102,Kevin Boyle,"Manalapan, NJ",USA,,,,,
103,Tyler Bozak,"Regina, SK",Canada,,,,,
104,Erik Brannstrom,Almesakra,Sweden,,,,,
105,Derick Brassard,"Hull, QC",Canada,,,,,
106,Derick Brassard,"Hull, QC",Canada,,,,,
107,Derick Brassard,"Hull, QC",Canada,,,,,
108,Jesper Bratt,Stockholm,Sweden,,,,,
109,Justin Braun,"Minneapolis, MN",USA,,,,,
110,Connor Brickley,"Everett, MA",USA,,,,,
111,Daniel Brickley,"Salt Lake City, UT",USA,,,,,
112,Guillaume Brisebois,"St. Hilaire, QC",Canada,,,,,
113,TJ Brodie,"Chatham, ON",Canada,,,,,
114,Jonas Brodin,Karlstad,Sweden,,,,,
115,Kyle Brodziak,"St. Paul, AB",Canada,,,,,
116,Jonny Brodzinski,"Ham Lake, MN",USA,,,,,
117,Laurent Brossoit,"Port Alberni, BC",Canada,,,,,
118,Troy Brouwer,"Vancouver, BC",Canada,,,,,
119,Connor Brown,"Toronto, ON",Canada,,,,,
120,Dustin Brown,"Ithaca, NY",USA,,,,,
121,Josh Brown,"London, ON",Canada,,,,,
122,J.T. Brown,"Burnsville, MN",USA,,,,,
123,Logan Brown,"Raleigh, NC",USA,,,,,
124,Pavel Buchnevich,Cherepovets,Russia,,,,,
125,Peter Budaj,Banská Bystrica,Slovakia,,,,,
126,Michael Bunting,"Scarborough, ON",Canada,,,,,
127,Andre Burakovsky,Klagenfurt,Austria,,,,,
128,Erik Burgdoerfer,"Abington, PA",USA,,,,,
129,Brent Burns,"Barrie, ON",Canada,,,,,
130,Will Butcher,"Sun Prairie, WI",USA,,,,,
131,Chris Butler,"St. Louis, MO",USA,,,,,
132,Dustin Byfuglien,"Roseau, MN",USA,,,,,
133,Paul Byron,"Ottawa, ON",Canada,,,,,
134,Drake Caggiula,"Pickering, ON",Canada,,,,,
135,Drake Caggiula,"Pickering, ON",Canada,,,,,
136,Ryan Callahan,"Rochester, NY",USA,,,,,
137,Matt Calvert,"Brandon, MB",Canada,,,,,
138,Jack Campbell,"Port Huron, MI",USA,,,,,
139,Kyle Capobianco,"Mississauga, ON",Canada,,,,,
140,Paul Carey,"Weymouth, MA",USA,,,,,
141,Paul Carey,"Weymouth, MA",USA,,,,,
142,Brandon Carlo,"Colorado Springs, CO",USA,,,,,
143,John Carlson,"Natick, MA",USA,,,,,
144,Gabriel Carlsson,Orebro,Sweden,,,,,
145,Ryan Carpenter,"Oviedo, FL",USA,,,,,
146,Daniel Carr,"Sherwood Park, AB",Canada,,,,,
147,Connor Carrick,"Orland Park, IL",USA,,,,,
148,Connor Carrick,"Orland Park, IL",USA,,,,,
149,Sam Carrick,"Markham, ON",USA,,,,,
150,Trevor Carrick,"Stouffville, ON",Canada,,,,,
151,William Carrier,"LaSalle, QC",Canada,,,,,
152,Jeff Carter,"London, ON",Canada,,,,,
153,Colby Cave,"North Battleford, SK",Canada,,,,,
154,Colby Cave,"North Battleford, SK",Canada,,,,,
155,Cody Ceci,"Ottawa, ON",Canada,,,,,
156,Peter Cehlarik,Silina,Slovakia,,,,,
157,Erik Cernak,Kosice,Slovakia,,,,,
158,Thomas Chabot,"Sainte-Marie, QC",Canada,,,,,
159,Michael Chaput,"Ile Bizard, QC",Canada,,,,,
160,Zdeno Chara,Trencin,Slovakia,,,,,
161,Rourke Chartier,"Saskatoon, SK",Canada,,,,,
162,Jake Chelios,"Bloomfield Hills, MI",USA,,,,,
163,Ben Chiarot,"Hamilton, ON",Canada,,,,,
164,Alex Chiasson,"Montreal, QC",Canada,,,,,
165,Filip Chlapik,Prague,Czech Republic,,,,,
166,Dennis Cholowski,"Langley, BC",Canada,,,,,
167,Jakob Chychrun,"Boca Raton, FL",USA,,,,,
168,Filip Chytil,Kromeriz,Czech Republic,,,,,
169,Anthony Cirelli,"Etobicoke, ON",Canada,,,,,
170,Casey Cizikas,"Toronto, ON",Canada,,,,,
171,Fredrik Claesson,Stockholm,Sweden,,,,,
172,Adam Clendening,"Niagara Falls, NY",USA,,,,,
173,Kyle Clifford,"Ayr, ON",Canada,,,,,
174,Connor Clifton,"Long Branch, NJ",USA,,,,,
175,Cal Clutterbuck,"Welland, ON",Canada,,,,,
176,Braydon Coburn,"Shaunavon, SK",Canada,,,,,
177,Andrew Cogliano,"Toronto, ON",Canada,,,,,
178,Andrew Cogliano,"Toronto, ON",Canada,,,,,
179,Ian Cole,"Ann Arbor, MI",USA,,,,,
180,Blake Coleman,"Plano, TX",USA,,,,,
181,Blake Comeau,"Meadow Lake, SK",Canada,,,,,
182,J.T. Compher,"Northbrook, IL",USA,,,,,
183,Eric Comrie,"Edmonton, AB",Canada,,,,,
184,Max Comtois,"Longueuil, QC",Canada,,,,,
185,Cory Conacher,"Burlington, ON",Canada,,,,,
186,Mike Condon,"Holliston, MA",USA,,,,,
187,Erik Condra,"Trenton, MI",USA,,,,,
188,Kevin Connauton,"Edmonton, AB",Canada,,,,,
189,Brett Connolly,"Campbell River, BC",Canada,,,,,
190,Kyle Connor,"Shelby Township, MI",USA,,,,,
191,Phoenix Copley,"North Pole, AK",USA,,,,,
192,Andrew Copp,"Ann Arbor, MI",USA,,,,,
193,Nick Cousins,"Belleville, ON",Canada,,,,,
194,Logan Couture,"Guelph, ON",Canada,,,,,
195,Sean Couturier,"Phoenix, AZ",USA,,,,,
196,Charlie Coyle,"E. Weymouth, MA",USA,,,,,
197,Charlie Coyle,"E. Weymouth, MA",USA,,,,,
198,Adam Cracknell,"Prince Albert, SK",Canada,,,,,
199,Corey Crawford,"Montreal, QC",Canada,,,,,
200,Sidney Crosby,"Cole Harbour, NS",Canada,,,,,
201,Lawson Crouse,"Mt. Brydges, ON",Canada,,,,,
202,Matt Cullen,"Virginia, MN",USA,,,,,
203,Josh Currie,"Charlottetown, PEI",Canada,,,,,
204,Austin Czarnik,"Washington Township, MI",USA,,,,,
205,Joel Daccord,"Boston, MA",USA,,,,,
206,Evgenii Dadonov,Chelyabinsk,Russia,,,,,
207,Rasmus Dahlin,Lidkoping,Sweden,,,,,
208,Carl Dahlstrom,Stockholm,Sweden,,,,,
209,Michael Dal Colle,"Woodbridge, ON",Canada,,,,,
210,Trevor Daley,"Toronto, ON",Canada,,,,,
211,Zac Dalpe,"Paris, ON",Canada,,,,,
212,Phillip Danault,"Victoriaville, QC",Canada,,,,,
213,Marko Dano,Eisenstadt,Austria,,,,,
214,Scott Darling,"Newport News, VA",USA,,,,,
215,Laurent Dauphin,"Repentigny, QC",Canada,,,,,
216,Brandon Davidson,"Taber, AB",Canada,,,,,
217,Jean-Sebastien Dea,"La Prairie, QC",Canada,,,,,
218,Jean-Sebastien Dea,"La Prairie, QC",Canada,,,,,
219,Tony DeAngelo,"Sewell, NJ",USA,,,,,
220,Alex DeBrincat,"Farmington Hills, MI",USA,,,,,
221,Jake DeBrusk,"Edmonton, AB",Canada,,,,,
222,Calvin de Haan,"Carp, ON",Canada,,,,,
223,Danny DeKeyser,"Detroit, MI",USA,,,,,
224,Jacob de la Rose,Arvika,Sweden,,,,,
225,Chase De Leo,"La Mirada, CA",USA,,,,,
226,Collin Delia,"Rancho Cucamonga, CA",USA,,,,,
227,Aaron Dell,"Airdrie, AB",Canada,,,,,
228,Michael Del Zotto,"Stouffville, ON",Canada,,,,,
229,Michael Del Zotto,"Stouffville, ON",Canada,,,,,
230,Michael Del Zotto,"Stouffville, ON",Canada,,,,,
231,Dylan DeMelo,"London, ON",Canada,,,,,
232,Jason Demers,"Dorval, QC",Canada,,,,,
233,Thatcher Demko,"San Diego, CA",USA,,,,,
234,Travis Dermott,"Newmarket, ON",Canada,,,,,
235,Nicolas Deslauriers,"LaSalle, QC",Canada,,,,,
236,Casey DeSmith,"Rochester, NH",USA,,,,,
237,Jason Dickinson,"Georgetown, ON",Canada,,,,,
238,Phillip Di Giuseppe,"Toronto, ON",Canada,,,,,
239,Phillip Di Giuseppe,"Toronto, ON",Canada,,,,,
240,Brenden Dillon,"New Westminster, BC",Canada,,,,,
241,Michael DiPietro,"Windsor, ON",Canada,,,,,
242,Christian Djoos,Gothenburg,Sweden,,,,,
243,Max Domi,"Winnipeg, MB",Canada,,,,,
244,Louis Domingue,"St-Hyacinthe, QC",Canada,,,,,
245,Ryan Donato,"Boston, MA",USA,,,,,
246,Ryan Donato,"Boston, MA",USA,,,,,
247,Matt Donovan,"Edmond, OK",USA,,,,,
248,Joonas Donskoi,Raahe,Finland,,,,,
249,Jake Dotchin,"Cambridge, ON",USA,,,,,
250,Drew Doughty,"London, ON",Canada,,,,,
251,Nic Dowd,"Huntsville, AL",USA,,,,,
252,Justin Dowling,"Calgary, AB",Canada,,,,,
253,Leon Draisaitl,Cologne,Germany,,,,,
254,Sheldon Dries,"Macomb, MI",USA,,,,,
255,Jonathan Drouin,"Ste-Agathe, QC",Canada,,,,,
256,Dillon Dube,"Golden, BC",Canada,,,,,
257,Brandon Dubinsky,"Anchorage, AK",USA,,,,,
258,Devan Dubnyk,"Regina, SK",Canada,,,,,
259,Pierre-Luc Dubois,"Ste-Agathe-des-Monts, QC",Canada,,,,,
260,Matt Duchene,"Haliburton, ON",Canada,,,,,
261,Matt Duchene,"Haliburton, ON",Canada,,,,,
262,Anthony Duclair,"Pointe-Claire, QC",Canada,,,,,
263,Anthony Duclair,"Pointe-Claire, QC",Canada,,,,,
264,Matt Dumba,"Regina, SK",Canada,,,,,
265,Brian Dumoulin,"Biddeford, ME",USA,,,,,
266,Vince Dunn,"Mississauga, ON",Canada,,,,,
267,Christian Dvorak,"Palos, IL",USA,,,,,
268,Ryan Dzingel,"Wheaton, IL",USA,,,,,
269,Ryan Dzingel,"Wheaton, IL",USA,,,,,
270,Cody Eakin,"Winnipeg, MB",Canada,,,,,
271,Patrick Eaves,"Calgary, AB",Canada,,,,,
272,Jordan Eberle,"Regina, SK",Canada,,,,,
273,Alexander Edler,Ostersund,Sweden,,,,,
274,Joel Edmundson,"Brandon, MB",Canada,,,,,
275,Nikolaj Ehlers,Aalborg,Denmark,,,,,
276,Christoffer Ehn,Skara,Sweden,,,,,
277,Jack Eichel,"North Chelmsford, MA",USA,,,,,
278,Aaron Ekblad,"Windsor, ON",Canada,,,,,
279,Mattias Ekholm,Borlange,Sweden,,,,,
280,Oliver Ekman-Larsson,Karlskrona,Sweden,,,,,
281,Remi Elie,"Cornwall, ON",Canada,,,,,
282,Lars Eller,Rodovre,Denmark,,,,,
283,Brian Elliott,"Newmarket, ON",Canada,,,,,
284,Stefan Elliott,"Vancouver, BC",Canada,,,,,
285,Ryan Ellis,"Hamilton, ON",Canada,,,,,
286,Deryk Engelland,"Edmonton, AB",Canada,,,,,
287,Andreas Englund,Stockholm,Sweden,,,,,
288,Tyler Ennis,"Edmonton, AB",Canada,,,,,
289,Jonathan Ericsson,Karlskrona,Sweden,,,,,
290,Loui Eriksson,Gothenburg,Sweden,,,,,
291,Joel Eriksson Ek,Karlstad,Sweden,,,,,
292,Adam Erne,"New Haven, CT",USA,,,,,
293,Robby Fabbri,"Mississauga, ON",Canada,,,,,
294,Dante Fabbro,"Coquitlam, BC",Canada,,,,,
295,Radek Faksa,Vitkov,Czech Republic,,,,,
296,Justin Falk,"Snowflake, MB",Canada,,,,,
297,Oscar Fantenberg,Ljunby,Sweden,,,,,
298,Oscar Fantenberg,Ljunby,Sweden,,,,,
299,Jesper Fast,Nassjo,Sweden,,,,,
300,Justin Faulk,"South St. Paul, MN",USA,,,,,
301,Taylor Fedun,"Edmonton, AB",Canada,,,,,
302,Eric Fehr,"Winkler, MB",Canada,,,,,
303,Micheal Ferland,"Swan River, MB",Canada,,,,,
304,Kevin Fiala,St. Gallen,Switzerland,,,,,
305,Kevin Fiala,St. Gallen,Switzerland,,,,,
306,Valtteri Filppula,Vantaa,Finland,,,,,
307,Christian Fischer,"Chicago, IL",USA,,,,,
308,Haydn Fleury,"Carlyle, SK",Canada,,,,,
309,Marc-Andre Fleury,"Sorel, QC",Canada,,,,,
310,Warren Foegele,"Markham, ON",Canada,,,,,
311,Steven Fogarty,"Chambersburg, PA",USA,,,,,
312,Marcus Foligno,"Buffalo, NY",USA,,,,,
313,Nick Foligno,"Buffalo, NY",USA,,,,,
314,Christian Folin,Gothenburg,Sweden,,,,,
315,Christian Folin,Gothenburg,Sweden,,,,,
316,Derek Forbort,"Duluth, MN",USA,,,,,
317,Alex Formenton,"Barrie, ON",Canada,,,,,
318,Jakob Forsbacka-Karlsson,Stockholm,Sweden,,,,,
319,Filip Forsberg,Ostervala,Sweden,,,,,
320,Gustav Forsling,Linkoping,Sweden,,,,,
321,Alexandre Fortin,"Blainville, QC",Canada,,,,,
322,Cam Fowler,"Windsor, ON",Canada,,,,,
323,Pavel Francouz,Plzen,Czech Republic,,,,,
324,Trent Frederic,"St. Louis, MO",USA,,,,,
325,Mark Friedman,"Toronto, ON",Canada,,,,,
326,Tanner Fritz,"Grande Prairie, AB",Canada,,,,,
327,Martin Frk,Pelhrimov,Czech Republic,,,,,
328,Michael Frolik,Kladno,Czech Republic,,,,,
329,Kaden Fulcher,"Brigden, ON",Canada,,,,,
330,Kurtis Gabriel,"Newmarket, ON",Canada,,,,,
331,Sam Gagner,"London, ON",Canada,,,,,
332,Sam Gagner,"London, ON",Canada,,,,,
333,Alex Galchenyuk,"Milwaukee, WI",USA,,,,,
334,Brendan Gallagher,"Edmonton, AB",Canada,,,,,
335,Joseph Gambardella,"Staten Island, NY",USA,,,,,
336,Dylan Gambrell,"Bonney Lake, WA",USA,,,,,
337,Jake Gardiner,"Minnetonka, MN",USA,,,,,
338,Conor Garland,"Scituate, MA",USA,,,,,
339,Jason Garrison,"White Rock, BC",Canada,,,,,
340,Adam Gaudette,"Braintree, MA",USA,,,,,
341,Frederick Gaudreau,"Bromont, QC",Canada,,,,,
342,Johnny Gaudreau,"Salem, NJ",USA,,,,,
343,Brendan Gaunce,"Sudbury, ON",Canada,,,,,
344,Cameron Gaunce,"Sudbury, ON",Canada,,,,,
345,Frederik Gauthier,"Laval, QC",Canada,,,,,
346,Alexandar Georgiev,Ruse,Russia,,,,,
347,Timothy Gettinger,"Cleveland, OH",USA,,,,,
348,Ryan Getzlaf,"Regina, SK",Canada,,,,,
349,Brian Gibbons,"Braintree, MA",USA,,,,,
350,Brian Gibbons,"Braintree, MA",USA,,,,,
351,Christopher Gibson,Karkkila,Finland,,,,,
352,John Gibson,"Pittsburgh, PA",USA,,,,,
353,Brandon Gignac,"Repentigny, QC",Canada,,,,,
354,Dennis Gilbert,"Buffalo, NY",USA,,,,,
355,John Gilmour,"Montreal, QC",Canada,,,,,
356,Stephen Gionta,"Rochester, NY",USA,,,,,
357,Mark Giordano,"Toronto, ON",Canada,,,,,
358,Samuel Girard,"Roberval, QC",Canada,,,,,
359,Daniel Girardi,"Welland, ON",Canada,,,,,
360,Zemgus Girgensons,Riga,Latvia,,,,,
361,Claude Giroux,"Hearst, ON",Canada,,,,,
362,Ben Gleason,"Ortonville, MI",USA,,,,,
363,Luke Glendening,"Grand Rapids, MI",USA,,,,,
364,Nikolay Goldobin,Moscow,Russia,,,,,
365,Alex Goligoski,"Grand Rapids, MN",USA,,,,,
366,Cody Goloubef,"Mississauga, ON",Canada,,,,,
367,Barclay Goodrow,"Toronto, ON",Canada,,,,,
368,Shayne Gostisbehere,"Pembroke Pines, FL",USA,,,,,
369,Tyrell Goulbourne,"Edmonton, AB",Canada,,,,,
370,Yanni Gourde,"Saint-Narcisse, QC",Canada,,,,,
371,Michael Grabner,Villach,Austria,,,,,
372,Markus Granlund,Oulu,Finland,,,,,
373,Mikael Granlund,Oulu,Finland,,,,,
374,Mikael Granlund,Oulu,Finland,,,,,
375,Derek Grant,"Abbotsford, BC",Canada,,,,,
376,Derek Grant,"Abbotsford, BC",Canada,,,,,
377,Kevin Gravel,"Kingsford, MI",USA,,,,,
378,Ryan Graves,"Yarmouth, NS",Canada,,,,,
379,Anthony Greco,"Queens, NY",USA,,,,,
380,Mike Green,"Calgary, AB",Canada,,,,,
381,Andy Greene,"Trenton, MI",USA,,,,,
382,Jordan Greenway,"Canton, NY",USA,,,,,
383,Anthony-John Greer,"Joliette, QC",Canada,,,,,
384,Thomas Greiss,Fussen,Germany,,,,,
385,Rocco Grimaldi,"Anaheim, CA",USA,,,,,
386,Philipp Grubauer,Rosenheim,Germany,,,,,
387,Carl Grundstrom,Umea,Sweden,,,,,
388,Eric Gryba,"Saskatoon, SK",Canada,,,,,
389,Matt Grzelcyk,"Charlestown, MA",USA,,,,,
390,Radko Gudas,Prague,Czech Republic,,,,,
391,Erik Gudbranson,"Ottawa, ON",Canada,,,,,
392,Erik Gudbranson,"Ottawa, ON",Canada,,,,,
393,Jake Guentzel,"Omaha, NE",USA,,,,,
394,Brendan Guhle,"Edmonton, AB",USA,,,,,
395,Brendan Guhle,"Edmonton, AB",USA,,,,,
396,Carl Gunnarsson,Orebro,Sweden,,,,,
397,Denis Gurianov,Togliatti,Russia,,,,,
398,Erik Gustafsson,Nynashamn,Sweden,,,,,
399,Carl Hagelin,Sodertalje,Sweden,,,,,
400,Carl Hagelin,Sodertalje,Sweden,,,,,
401,Carl Hagelin,Sodertalje,Sweden,,,,,
402,Robert Hagg,Uppsala,Sweden,,,,,
403,Ron Hainsey,"Bolton, CT",USA,,,,,
404,Libor Hajek,Smrcek,Czech Republic,,,,,
405,Jaroslav Halak,Bratislava,SVK,,,,,
406,Micheal Haley,"Guelph, ON",Canada,,,,,
407,Micheal Haley,"Guelph, ON",Canada,,,,,
408,Taylor Hall,"Calgary, AB",Canada,,,,,
409,Dan Hamhuis,"Smithers, BC",Canada,,,,,
410,Dougie Hamilton,"Toronto, ON",Canada,,,,,
411,Travis Hamonic,"St. Malo, MB",Canada,,,,,
412,Noah Hanifin,"Boston, MA",USA,,,,,
413,Joel Hanley,"Keswick, ON",Canada,,,,,
414,Markus Hannikainen,Helsinki,Finland,,,,,
415,Martin Hanzal,Pisek,Czech Republic,,,,,
416,Ben Harpur,"Hamilton, ON",Canada,,,,,
417,Scott Harrington,"Kingston, ON",Canada,,,,,
418,Carter Hart,"Sherwood Park, AB",Canada,,,,,
419,Ryan Hartman,"Hilton Head Isl., SC",USA,,,,,
420,Ryan Hartman,"Hilton Head Isl., SC",USA,,,,,
421,Garnet Hathaway,"Kennebunkport, ME",USA,,,,,
422,Erik Haula,Pori,Finland,,,,,
423,Jayce Hawryluk,"Yorkton, SK",Canada,,,,,
424,John Hayden,"Chicago, IL",USA,,,,,
425,Kevin Hayes,"Dorchester, MA",USA,,,,,
426,Kevin Hayes,"Dorchester, MA",USA,,,,,
427,Dillon Heatherington,"Calgary, AB",Canada,,,,,
428,Victor Hedman,Ornskoldsvik,Sweden,,,,,
429,Tim Heed,Gothenburg,Sweden,,,,,
430,Danton Heinen,"Langley, BC",Canada,,,,,
431,Miro Heiskanen,Espoo,Finland,,,,,
432,Connor Hellebuyck,"Commerce, MI",USA,,,,,
433,Darren Helm,"St. Andrews, MB",Canada,,,,,
434,Matt Hendricks,"Blaine, MN",USA,,,,,
435,Matt Hendricks,"Blaine, MN",USA,,,,,
436,Adam Henrique,"Brantford, ON",Canada,,,,,
437,Tomas Hertl,Praha,Czech Republic,,,,,
438,Joe Hicketts,"Kamloops, BC",Canada,,,,,
439,Thomas Hickey,"Calgary, AB",Canada,,,,,
440,Adin Hill,"Comox, BC",Canada,,,,,
441,Vinnie Hinostroza,"Chicago, IL",USA,,,,,
442,Roope Hintz,Tampere,Finland,,,,,
443,Taro Hirose,"Calgary, AB",Canada,,,,,
444,Nico Hischier,Brig,Switzerland,,,,,
445,Niklas Hjalmarsson,Eksjo,Sweden,,,,,
446,Mike Hoffman,"Kitchener, ON",Canada,,,,,
447,Marcus Hogberg,Orebro,Sweden,,,,,
448,Nick Holden,"St. Albert, AB",Canada,,,,,
449,Justin Holl,"Tonka Bay, MN",USA,,,,,
450,Braden Holtby,"Lloydminster, SK",Canada,,,,,
451,Korbinian Holzer,Munich,Germany,,,,,
452,Julius Honka,Jyväskylä,Finland,,,,,
453,Patric Hornqvist,Sollentuna,Sweden,,,,,
454,Bo Horvat,"London, ON",Canada,,,,,
455,Joshua Ho-Sang,"Toronto, ON",Canada,,,,,
456,Jimmy Howard,"Syracuse, NY",USA,,,,,
457,Brett Howden,"Calgary, AB",Canada,,,,,
458,Filip Hronek,Hradec Králové,Czech Republic,,,,,
459,Jonathan Huberdeau,"Saint-Jerome, QC",Canada,,,,,
460,Charles Hudon,"Alma, QC",Canada,,,,,
461,Quinn Hughes,"Orlando, FL",USA,,,,,
462,Brad Hunt,"Maple Ridge, BC",Canada,,,,,
463,Brad Hunt,"Maple Ridge, BC",Canada,,,,,
464,Dryden Hunt,"Cranbrook, BC",Canada,,,,,
465,Matt Hunwick,"Warren, MI",USA,,,,,
466,Michael Hutchinson,"Barrie, ON",Canada,,,,,
467,Michael Hutchinson,"Barrie, ON",Canada,,,,,
468,Ben Hutton,"Brockville, ON",Canada,,,,,
469,Carter Hutton,"Thunder Bay, ON",Canada,,,,,
470,Tomas Hyka,Mlada Boleslav,Czech Republic,,,,,
471,Zach Hyman,"Toronto, ON",Canada,,,,,
472,Alex Iafallo,"Eden, NY",USA,,,,,
473,Matt Irwin,"Victoria, BC",Canada,,,,,
474,Josh Jacobs,"Shelby Township, MI",USA,,,,,
475,Mark Jankowski,"Hamilton, ON",Canada,,,,,
476,Mattias Janmark,Danderyd,Sweden,,,,,
477,Calle Jarnkrok,Gävle,Sweden,,,,,
478,Christian Jaros,Kosice,Slovakia,,,,,
479,Tristan Jarry,"Surrey, BC",Canada,,,,,
480,Dmitrij Jaskin,Omsk,Russia,,,,,
481,Boone Jenner,"Dorchester, ON",Canada,,,,,
482,Nick Jensen,"Rogers, MN",USA,,,,,
483,Nick Jensen,"Rogers, MN",USA,,,,,
484,Jakub Jerabek,Pilsen,Czech Republic,,,,,
485,Ryan Johansen,"Vancouver, BC",Canada,,,,,
486,Marcus Johansson,Landskrona,Sweden,,,,,
487,Marcus Johansson,Landskrona,Sweden,,,,,
488,Adam Johnson,"Hibbing, MN",USA,,,,,
489,Chad Johnson,"Saskatoon, SK",Canada,,,,,
490,Chad Johnson,"Saskatoon, SK",Canada,,,,,
491,Erik Johnson,"Bloomington, MN",USA,,,,,
492,Jack Johnson,"Indianapolis, IN",USA,,,,,
493,Luke Johnson,"Grand Forks, ND",USA,,,,,
494,Tyler Johnson,"Spokane, WA",USA,,,,,
495,Andreas Johnsson,Gävle,Sweden,,,,,
496,Ross Johnston,"Charlottetown, PE",Canada,,,,,
497,Henri Jokiharju,Oulu,Finland,,,,,
498,Caleb Jones,"Arlington, TX",USA,,,,,
499,Martin Jones,"North Vancouver, BC",Canada,,,,,
500,Max Jones,"Rochester, MI",USA,,,,,
501,Seth Jones,"Arlington, TX",USA,,,,,
502,Mathieu Joseph,"Chambly, QC",Canada,,,,,
503,Roman Josi,Bern,Switzerland,,,,,
504,Tyson Jost,"St. Albert, AB",Canada,,,,,
505,Noah Juulsen,"Abbotsford, BC",Canada,,,,,
506,Nazem Kadri,"London, ON",Canada,,,,,
507,Dominik Kahun,Plana,Czech Republic,,,,,
508,Vladislav Kamenev,Orsk,Russia,,,,,
509,David Kampf,Chomutov,Czech Republic,,,,,
510,Steven Kampfer,"Ann Arbor, MI",USA,,,,,
511,Evander Kane,"Vancouver, BC",Canada,,,,,
512,Patrick Kane,"Buffalo, NY",USA,,,,,
513,Kasperi Kapanen,Kuopio,Finland,,,,,
514,Erik Karlsson,Landsbro,Sweden,,,,,
515,Melker Karlsson,Lycksele,Sweden,,,,,
516,William Karlsson,Marsta,Sweden,,,,,
517,Ondrej Kase,Kadan,Czech Republic,,,,,
518,Zack Kassian,"Windsor, ON",Canada,,,,,
519,Brady Keeper,"Cross Lake, MB",Canada,,,,,
520,Duncan Keith,"Winnipeg, MB",Canada,,,,,
521,Clayton Keller,"Chesterfield, MO",USA,,,,,
522,Adrian Kempe,Kramfors,Sweden,,,,,
523,Mario Kempe,Kramfors,Sweden,,,,,
524,Michal Kempny,Hodonin,Czech Republic,,,,,
525,Alexander Kerfoot,"Vancouver, BC",Canada,,,,,
526,Ryan Kesler,"Livonia, MI",USA,,,,,
527,Phil Kessel,"Madison, WI",USA,,,,,
528,Jujhar Khaira,"Surrey, BC",Canada,,,,,
529,Anton Khudobin,Ust-Kamenogorsk,Kazakhstan,,,,,
530,Alex Killorn,"Halifax, NS",Canada,,,,,
531,Keith Kinkaid,"Farmingville, NY",USA,,,,,
532,Bogdan Kiselevich,Cherepovets,Russia,,,,,
533,Oscar Klefbom,Karlstad,Sweden,,,,,
534,John Klingberg,Gothenburg,Sweden,,,,,
535,Justin Kloos,"Lakeville, MN",USA,,,,,
536,Corban Knight,"Oliver, BC",Canada,,,,,
537,Slater Koekkoek,"Winchester, ON",Canada,,,,,
538,Slater Koekkoek,"Winchester, ON",Canada,,,,,
539,Mikko Koivu,Turku,Finland,,,,,
540,Leo Komarov,Narva,Estonia,,,,,
541,Travis Konecny,"London, ON",Canada,,,,,
542,Anze Kopitar,Jesenice,Slovenia,,,,,
543,Joonas Korpisalo,Pori,Finland,,,,,
544,Mikko Koskinen,Vantaa,Finland,,,,,
545,Kalle Kossila,Kauniainen,Finland,,,,,
546,Jesperi Kotkaniemi,Pori,Finland,,,,,
547,Ilya Kovalchuk,Tver,Russia,,,,,
548,Chris Kreider,"Boxford, MA",USA,,,,,
549,David Krejci,Sternberk,Czech Republic,,,,,
550,Niklas Kronwall,Stockholm,Sweden,,,,,
551,Torey Krug,"Livonia, MI",USA,,,,,
552,Marcus Kruger,Stockholm,Sweden,,,,,
553,Nikita Kucherov,Maykop,Russia,,,,,
554,Darcy Kuemper,"Saskatoon, SK",Canada,,,,,
555,Ryan Kuffner,"Ottawa, ON",Canada,,,,,
556,Karson Kuhlman,"Duluth, MN",USA,,,,,
557,Tom Kuhnhackl,Landshut,Germany,,,,,
558,Dean Kukan,Volketswil,Switzerland,,,,,
559,Brett Kulak,"Edmonton, AB",Canada,,,,,
560,Dmitry Kulikov,Lipetsk,Russia,,,,,
561,Luke Kunin,"Chesterfield, MO",USA,,,,,
562,Chris Kunitz,"Regina, SK",Canada,,,,,
563,Janne Kuokkanen,Oulunsalo,Finland,,,,,
564,Sean Kuraly,"Dublin, OH",USA,,,,,
565,Evgeny Kuznetsov,Chelyabinsk,Russia,,,,,
566,Oliver Kylington,Stockholm,Sweden,,,,,
567,Jordan Kyrou,"Toronto, ON",Canada,,,,,
568,Kevin Labanc,"Brooklyn, NY",USA,,,,,
569,Andrew Ladd,"Maple Ridge, BC",Canada,,,,,
570,Paul LaDue,"Grand Forks, ND",USA,,,,,
571,Maxime Lagace,"Saint-Augustin, QC",Canada,,,,,
572,Patrik Laine,Tampere,Finland,,,,,
573,Maxime Lajoie,"Quebec City, QC",Canada,,,,,
574,Juho Lammikko,Noormarkku,Finland,,,,,
575,Gabriel Landeskog,Stockholm,Sweden,,,,,
576,Nick Lappin,"Geneva, IL",USA,,,,,
577,Dylan Larkin,"Waterford, MI",USA,,,,,
578,Adam Larsson,Skellefteå,Sweden,,,,,
579,Jacob Larsson,Ljungby,Sweden,,,,,
580,Johan Larsson,Lau,Sweden,,,,,
581,Brian Lashoff,"Albany, NY",USA,,,,,
582,Scott Laughton,"Oakville, ON",Canada,,,,,
583,Jeremy Lauzon,"Val D'or, QC",Canada,,,,,
584,Curtis Lazar,"Salmon Arm, BC",Canada,,,,,
585,Nick Leddy,"Eden Prairie, MN",USA,,,,,
586,Anders Lee,"Edina, MN",USA,,,,,
587,Artturi Lehkonen,Piikkio,Finland,,,,,
588,Robin Lehner,Gothenburg,Sweden,,,,,
589,Jori Lehtera,Helsinki,Finland,,,,,
590,Brendan Leipsic,"Winnipeg, MB",Canada,,,,,
591,Brendan Leipsic,"Winnipeg, MB",Canada,,,,,
592,Josh Leivo,"Innisfil, ON",Canada,,,,,
593,Josh Leivo,"Innisfil, ON",Canada,,,,,
594,Brendan Lemieux,"Denver, CO",USA,,,,,
595,Brendan Lemieux,"Denver, CO",USA,,,,,
596,Joel L'Esperance,"Brighton, MI",USA,,,,,
597,Kris Letang,"Montreal, QC",Canada,,,,,
598,Mark Letestu,"Elk Point, AB",Canada,,,,,
599,Vinni Lettieri,"Excelsior, MN",USA,,,,,
600,Tyler Lewington,"Edmonton, AB",Canada,,,,,
601,Trevor Lewis,"Salt Lake City, UT",USA,,,,,
602,Oscar Lindberg,Skellefteå,Sweden,,,,,
603,Oscar Lindberg,Skellefteå,Sweden,,,,,
604,Oskar Lindblom,Gävle,Sweden,,,,,
605,Esa Lindell,Vantaa,Finland,,,,,
606,Charlie Lindgren,"Lakeville, MN",USA,,,,,
607,Ryan Lindgren,"Burnsville, MN",USA,,,,,
608,Anton Lindholm,Skelleftea,Sweden,,,,,
609,Elias Lindholm,Boden,Sweden,,,,,
610,Hampus Lindholm,Helsingborg,Sweden,,,,,
611,Par Lindholm,Kusmark,Sweden,,,,,
612,Par Lindholm,Kusmark,Sweden,,,,,
613,Bryan Little,"Edmonton, AB",Canada,,,,,
614,Blake Lizotte,"Lindstrom, MN",USA,,,,,
615,Ryan Lomberg,"Richmond Hill, ON",Canada,,,,,
616,Ben Lovejoy,"Concord, NH",USA,,,,,
617,Ben Lovejoy,"Concord, NH",USA,,,,,
618,Adam Lowry,"St. Louis, MO",USA,,,,,
619,Milan Lucic,"Vancouver, BC",Canada,,,,,
620,Matt Luff,"Oakville, ON",Canada,,,,,
621,Isac Lundestrom,Gallivare,Sweden,,,,,
622,Henrik Lundqvist,Are,Sweden,,,,,
623,Roberto Luongo,"Montreal, QC",Canada,,,,,
624,Alex Lyon,"Baudette, MN",USA,,,,,
625,Ilya Lyubushkin,Moscow,Russia,,,,,
626,Olli Maatta,Jyväskylä,Finland,,,,,
627,Kurtis MacDermid,"Sauble Beach, ON",Canada,,,,,
628,Andrew MacDonald,"Judique, NS",Canada,,,,,
629,Jacob MacDonald,"Portland, OR",USA,,,,,
630,Mackenzie MacEachern,"Bloomfield Hills, MI",USA,,,,,
631,Zack MacEwen,"Charlottetown, PE",Canada,,,,,
632,Derek MacKenzie,"Sudbury, ON",Canada,,,,,
633,Nathan MacKinnon,"Halifax, NS",Canada,,,,,
634,Saku Maenalanen,Kemi,Finland,,,,,
635,Josh Mahura,"St. Albert, AB",Canada,,,,,
636,Denis Malgin,Olten,Switzerland,,,,,
637,Evgeni Malkin,Magnitogorsk,Russia,,,,,
638,Brad Malone,"Chatham, NB",Canada,,,,,
639,Maxim Mamin,Moscow,Russia,,,,,
640,Andrew Mangiapane,"Toronto, ON",Canada,,,,,
641,Brandon Manning,"Prince George, BC",Canada,,,,,
642,Brandon Manning,"Prince George, BC",Canada,,,,,
643,Josh Manson,"Hinsdale, IL",USA,,,,,
644,Anthony Mantha,"Longueuil, QC",Canada,,,,,
645,Brad Marchand,"Halifax, NS",Canada,,,,,
646,Jonathan Marchessault,"Cap-Rouge, QC",Canada,,,,,
647,Martin Marincin,Kosice,Slovakia,,,,,
648,Jacob Markstrom,Gävle,Sweden,,,,,
649,Patrick Marleau,"Aneroid, SK",Canada,,,,,
650,Mitchell Marner,"Markham, ON",Canada,,,,,
651,Cooper Marody,"Brighton, MI",USA,,,,,
652,Pat Maroon,"St. Louis, MO",USA,,,,,
653,Danick Martel,"Drummondville, QC",Canada,,,,,
654,Matt Martin,"Windsor, ON",Canada,,,,,
655,Alec Martinez,"Rochester Hills, MI",USA,,,,,
656,Jordan Martinook,"Brandon, MB",Canada,,,,,
657,Andreas Martinsen,Bærum,Norway,,,,,
658,Mike Matheson,"Pointe-Claire, QC",Canada,,,,,
659,Auston Matthews,"San Ramon, CA",USA,,,,,
660,Scott Mayfield,"St. Louis, MO",USA,,,,,
661,Charlie McAvoy,"Long Beach, NY",USA,,,,,
662,Jake McCabe,"Eau Claire, WI",USA,,,,,
663,Jared McCann,"Stratford, ON",Canada,,,,,
664,Jared McCann,"Stratford, ON",Canada,,,,,
665,Max McCormick,"De Pere, WI",USA,,,,,
666,Ian McCoshen,"Anaheim, CA",USA,,,,,
667,Connor McDavid,"Richmond Hill, ON",Canada,,,,,
668,Ryan McDonagh,"St. Paul, MN",USA,,,,,
669,Curtis McElhinney,"London, ON",Canada,,,,,
670,Brock McGinn,"Fergus, ON",Canada,,,,,
671,Jamie McGinn,"Fergus, ON",Canada,,,,,
672,Dylan McIlrath,"Winnipeg, MB",Canada,,,,,
673,Greg McKegg,"St. Thomas, ON",Canada,,,,,
674,Mike McKenna,"St. Louis, MO",USA,,,,,
675,Mike McKenna,"St. Louis, MO",USA,,,,,
676,Cody McLeod,"Binscarth, MB",Canada,,,,,
677,Cody McLeod,"Binscarth, MB",Canada,,,,,
678,Michael McLeod,"Mississauga, ON",Canada,,,,,
679,Brayden McNabb,"Davidson, SK",Canada,,,,,
680,Adam McQuaid,"Charlottetown, PE",Canada,,,,,
681,Adam McQuaid,"Charlottetown, PE",Canada,,,,,
682,Wade Megan,"Canton, NY",USA,,,,,
683,Jaycob Megna,"Plantation, FL",USA,,,,,
684,Timo Meier,Herisau,Switzerland,,,,,
685,Dakota Mermis,"Alton, IL",USA,,,,,
686,Jon Merrill,"Oklahoma City, OK",USA,,,,,
687,Victor Mete,"Woodbridge, ON",Canada,,,,,
688,Marc Methot,"Ottawa, ON",Canada,,,,,
689,Jacob Middleton,"Wainwright, AB",Canada,,,,,
690,Sonny Milano,"Massapequa, NY",USA,,,,,
691,Colin Miller,"Sault Ste. Marie, ON",Canada,,,,,
692,J.T. Miller,"East Palestine, OH",USA,,,,,
693,Kevan Miller,"Los Angeles, CA",USA,,,,,
694,Ryan Miller,"East Lansing, MI",USA,,,,,
695,Hunter Miska,"Stacy, MN",USA,,,,,
696,Casey Mittelstadt,"Edina, MN",USA,,,,,
697,Sean Monahan,"Brampton, ON",Canada,,,,,
698,Sam Montembeault,"Becancour, QC",Canada,,,,,
699,Brandon Montour,"Brantford, ON",Canada,,,,,
700,Brandon Montour,"Brantford, ON",Canada,,,,,
701,John Moore,"Winnetka, IL",USA,,,,,
702,Trevor Moore,"Thousand Oaks, CA",USA,,,,,
703,Samuel Morin,"Lac-Beauport, QC",Canada,,,,,
704,Josh Morrissey,"Calgary, AB",Canada,,,,,
705,Joe Morrow,"Edmonton, AB",Canada,,,,,
706,Tyler Motte,"St. Clair, MI",USA,,,,,
707,Petr Mrazek,Ostrava,Czech Republic,,,,,
708,Mirco Mueller,Winterthur,Switzerland,,,,,
709,Connor Murphy,"Dublin, OH",USA,,,,,
710,Ryan Murphy,"Aurora, ON",Canada,,,,,
711,Ryan Murphy,"Aurora, ON",Canada,,,,,
712,Matt Murray,"Thunder Bay, ON",Canada,,,,,
713,Ryan Murray,"Regina, SK",Canada,,,,,
714,Jake Muzzin,"Woodstock, ON",Canada,,,,,
715,Jake Muzzin,"Woodstock, ON",Canada,,,,,
716,Philippe Myers,"Moncton, NB",Canada,,,,,
717,Tyler Myers,"Houston, TX",USA,,,,,
718,Tyler Myers,"Houston, TX",USA,,,,,
719,Vladislav Namestnikov,Zhukovskiy,Russia,,,,,
720,Riley Nash,"Consort, AB",Canada,,,,,
721,James Neal,"Whitby, ON",Canada,,,,,
722,Martin Necas,Nove Mesto na Morave,Czech Republic,,,,,
723,Alex Nedeljkovic,"Parma, OH",USA,,,,,
724,Brock Nelson,"Warroad, MN",USA,,,,,
725,Casey Nelson,"Stillwater, MN",USA,,,,,
726,Patrik Nemeth,Stockholm,Sweden,,,,,
727,Michal Neuvirth,Ústí nad Labem,Czech Republic,,,,,
728,Valeri Nichushkin,Chelyabinsk,Russia,,,,,
729,Nino Niederreiter,Chur,Switzerland,,,,,
730,Nino Niederreiter,Chur,Switzerland,,,,,
731,Frans Nielsen,Herning,Denmark,,,,,
732,Antti Niemi,Vantaa,Finland,,,,,
733,Matt Nieto,"Long Beach, CA",USA,,,,,
734,Cristoval Nieves,"Syracuse, NY",USA,,,,,
735,Sami Niku,Haapavesi,Finland,,,,,
736,Anders Nilsson,Lulea,Sweden,,,,,
737,Anders Nilsson,Lulea,Sweden,,,,,
738,Jacob Nilsson,Solvesborg,Sweden,,,,,
739,Matt Niskanen,"Virginia, MN",USA,,,,,
740,Stefan Noesen,"Plano, TX",USA,,,,,
741,Nelson Nogier,"Saskatoon, SK",Canada,,,,,
742,Jordan Nolan,"Garden River, ON",Canada,,,,,
743,Joakim Nordstrom,Stockholm,Sweden,,,,,
744,Tomas Nosek,Pardubice,Czech Republic,,,,,
745,Ryan Nugent-Hopkins,"Burnaby, BC",Canada,,,,,
746,Darnell Nurse,"Hamilton, ON",Canada,,,,,
747,Markus Nutivaara,Oulu,Finland,,,,,
748,Alex Nylander,"Calgary, AB",Canada,,,,,
749,William Nylander,"Calgary, AB",Canada,,,,,
750,Gustav Nyquist,Halmstad,Sweden,,,,,
751,Gustav Nyquist,Halmstad,Sweden,,,,,
752,Logan O'Connor,"Missouri City, TX",USA,,,,,
753,Jordan Oesterle,"Dearborn Heights, MI",USA,,,,,
754,Kyle Okposo,"St. Paul, MN",USA,,,,,
755,Jamie Oleksiak,"Toronto, ON",Canada,,,,,
756,Jamie Oleksiak,"Toronto, ON",Canada,,,,,
757,Victor Olofsson,Ornskoldsvik,Sweden,,,,,
758,Daniel O'Regan,Berlin,Germany,,,,,
759,Ryan O'Reilly,"Clinton, ON",Canada,,,,,
760,Dmitry Orlov,Novokuznetsk,Russia,,,,,
761,Brooks Orpik,"San Francisco, CA",USA,,,,,
762,T.J. Oshie,"Everett, WA",USA,,,,,
763,Xavier Ouellet,Bayonne,France,,,,,
764,Alex Ovechkin,Moscow,Russia,,,,,
765,Igor Ozhiganov,Krasnogorsk,Russia,,,,,
766,Magnus Paajarvi,Norrkoping,Sweden,,,,,
767,Max Pacioretty,"New Canaan, CT",USA,,,,,
768,Jean-Gabriel Pageau,"Ottawa, ON",Canada,,,,,
769,Ondrej Palat,Frydek-Mistek,Czech Republic,,,,,
770,Kyle Palmieri,"Smithtown, NY",USA,,,,,
771,Artemi Panarin,Korkino,Russia,,,,,
772,Richard Panik,Martin,Slovakia,,,,,
773,Cedric Paquette,"Gaspe, QC",Canada,,,,,
774,Colton Parayko,"St. Albert, AB",Canada,,,,,
775,Zach Parise,"Minneapolis, MN",USA,,,,,
776,Edward Pasquale,"Tornoto, ON",Canada,,,,,
777,David Pastrnak,Havirov,Czech Republic,,,,,
778,Greg Pateryn,"Sterling Heights, MI",USA,,,,,
779,Nolan Patrick,"Winnipeg, MB",Canada,,,,,
780,Nick Paul,"Mississauga, ON",Canada,,,,,
781,Joe Pavelski,"Plover, WI",USA,,,,,
782,Tanner Pearson,"Kitchener, ON",Canada,,,,,
783,Tanner Pearson,"Kitchener, ON",Canada,,,,,
784,Tanner Pearson,"Kitchener, ON",Canada,,,,,
785,Matthew Peca,"Petawawa, ON",Canada,,,,,
786,Adam Pelech,"Toronto, ON",Canada,,,,,
787,Anthony Peluso,"Barrie, ON",Canada,,,,,
788,Brendan Perlini,Guildford,GBR,,,,,
789,Brendan Perlini,Guildford,GBR,,,,,
790,Mathieu Perreault,"Drummondville, QC",Canada,,,,,
791,David Perron,"Sherbrooke, QC",Canada,,,,,
792,Corey Perry,"Peterborough, ON",Canada,,,,,
793,Brett Pesce,"Tarrytown, NY",USA,,,,,
794,Nicolas Petan,"Delta, BC",Canada,,,,,
795,Nicolas Petan,"Delta, BC",Canada,,,,,
796,Calvin Petersen,"Waterloo, IA",USA,,,,,
797,Alex Petrovic,"Edmonton, AB",Canada,,,,,
798,Alex Petrovic,"Edmonton, AB",Canada,,,,,
799,Jeff Petry,"Ann Arbor, MI",USA,,,,,
800,Elias Pettersson,Sundsvall,Sweden,,,,,
801,Marcus Pettersson,Skellefteå,Sweden,,,,,
802,Marcus Pettersson,Skellefteå,Sweden,,,,,
803,Dion Phaneuf,"Edmonton, AB",Canada,,,,,
804,Calvin Pickard,"Moncton, NB",Canada,,,,,
805,Calvin Pickard,"Moncton, NB",Canada,,,,,
806,Blake Pietila,"Milford, MI",USA,,,,,
807,Alex Pietrangelo,"King City, ON",Canada,,,,,
808,Lawrence Pilut,Tingsryd,Sweden,,,,,
809,Neal Pionk,"Omaha, NE",USA,,,,,
810,Brandon Pirri,"Toronto, ON",Canada,,,,,
811,Rem Pitlick,"Plymouth, MN",USA,,,,,
812,Tyler Pitlick,"Minneapolis, MN",USA,,,,,
813,Tomas Plekanec,Kladno,Czech Republic,,,,,
814,Ryan Poehling,"Lakeville, MN",USA,,,,,
815,Brayden Point,"Calgary, AB",Canada,,,,,
816,Roman Polak,Ostrava,Czech Republic,,,,,
817,Jason Pominville,"Repentigny, QC",Canada,,,,,
818,Derrick Pouliot,"Estevan, SK",Canada,,,,,
819,Carey Price,"Anahim Lake, BC",Canada,,,,,
820,Nate Prosser,"Elk River, MN",USA,,,,,
821,Dalton Prout,"Kingsville, ON",Canada,,,,,
822,Ivan Provorov,Yaroslavl,Russia,,,,,
823,Matt Puempel,"Essex, ON",Canada,,,,,
824,Jesse Puljujarvi,Alvkarleby,Sweden,,,,,
825,Ryan Pulock,"Dauphin, MB",Canada,,,,,
826,Tom Pyatt,"Thunder Bay, ON",Canada,,,,,
827,Mark Pysyk,"Sherwood Park, AB",Canada,,,,,
828,John Quenneville,"Edmonton, AB",Canada,,,,,
829,Jonathan Quick,"Milford, CT",USA,,,,,
830,Alan Quine,"Belleville, ON",Canada,,,,,
831,Antti Raanta,Rauma,Finland,,,,,
832,Lukas Radil,Caslav,Czceh Republic,,,,,
833,Alexander Radulov,Nizhny Tagil,Russia,,,,,
834,Brogan Rafferty,"Dundee, IL",USA,,,,,
835,Michael Raffl,Villach,Austria,,,,,
836,Rickard Rakell,Sundbyberg,Sweden,,,,,
837,Mikko Rantanen,Nousiainen,Finland,,,,,
838,Tuukka Rask,Savonlinna,Finland,,,,,
839,Victor Rask,Leksand,Sweden,,,,,
840,Victor Rask,Leksand,Sweden,,,,,
841,Michael Rasmussen,"Surrey, BC",Canada,,,,,
842,Ty Rattie,"Calgary, AB",Canada,,,,,
843,Kyle Rau,"Eden Prairie, MN",USA,,,,,
844,Matt Read,"Ilderton, ON",Canada,,,,,
845,Ryan Reaves,"Winnipeg, MB",Canada,,,,,
846,Mike Reilly,"Chicago, IL",USA,,,,,
847,James Reimer,"Morweena, MB",Canada,,,,,
848,Sam Reinhart,"West Vancouver, BC",Canada,,,,,
849,Sheldon Rempal,"Calgary, AB",Canada,,,,,
850,Anthony Richard,"Trois-Rivieres, QC",Canada,,,,,
851,Brad Richardson,"Belleville, ON",Canada,,,,,
852,Tobias Rieder,Landshut,Germany,,,,,
853,Morgan Rielly,"Vancouver, BC",Canada,,,,,
854,Juuso Riikola,Joensuu,Finland,,,,,
855,Zac Rinaldo,"Mississauga, ON",Canada,,,,,
856,Pekka Rinne,Kempele,Finland,,,,,
857,Rasmus Ristolainen,Turku,Finland,,,,,
858,Brett Ritchie,"Orangeville, ON",Canada,,,,,
859,Nick Ritchie,"Orangeville, ON",Canada,,,,,
860,David Rittich,Jihlava,Czech Republic,,,,,
861,Eric Robinson,"Bellmawr, NJ",USA,,,,,
862,Jack Rodewald,"Calgary, AB",Canada,,,,,
863,Evan Rodrigues,"Toronto, ON",Canada,,,,,
864,Kevin Rooney,"Canton, MA",USA,,,,,
865,Calle Rosen,Vaxjo,Sweden,,,,,
866,Jack Roslovic,"Columbus, OH",USA,,,,,
867,Antoine Roussel,Roubaix,France,,,,,
868,Carter Rowney,"Grande Prairie, AB",Canada,,,,,
869,Kevin Roy,"Greenfield Park, QC",Canada,,,,,
870,Matt Roy,"Detroit, MI",USA,,,,,
871,Nicolas Roy,"Amos, QC",Canada,,,,,
872,Chad Ruhwedel,"San Diego, CA",USA,,,,,
873,Kris Russell,"Caroline, AB",Canada,,,,,
874,Patrick Russell,Holte,Denmark,,,,,
875,Bryan Rust,"Pontiac, MI",USA,,,,,
876,Jan Rutta,Pisek,Czech Republic,,,,,
877,Jan Rutta,Pisek,Czech Republic,,,,,
878,Bobby Ryan,"Cherry Hill, NJ",USA,,,,,
879,Derek Ryan,"Spokane, WA",USA,,,,,
880,Joakim Ryan,"Rumson, NJ",USA,,,,,
881,Kerby Rychel,"Torrance, CA",USA,,,,,
882,Brandon Saad,"Pittsburgh, PA",USA,,,,,
883,Miikka Salomaki,Raahe,Finland,,,,,
884,Zach Sanford,"Salem, MA",USA,,,,,
885,Travis Sanheim,"Elkhorn, MB",Canada,,,,,
886,Steven Santini,"Bronxville, NY",USA,,,,,
887,Juuse Saros,Forssa,Finland,,,,,
888,Ashton Sautner,"Flaxcombe, SK",Canada,,,,,
889,David Savard,"St. Hyacinthe, QC",Canada,,,,,
890,Luca Sbisa,Ozieri,Italy,,,,,
891,Marco Scandella,"Montreal, QC",Canada,,,,,
892,Colton Sceviour,"Red Deer, AB",Canada,,,,,
893,Tim Schaller,"Merrimack, NH",USA,,,,,
894,Mark Scheifele,"Kitchener, ON",Canada,,,,,
895,Brayden Schenn,"Saskatoon, SK",Canada,,,,,
896,Luke Schenn,"Saskatoon, SK",Canada,,,,,
897,Luke Schenn,"Saskatoon, SK",Canada,,,,,
898,Nikita Scherbak,Moscow,Russia,,,,,
899,Cameron Schilling,"Carmel, IN",USA,,,,,
900,David Schlemko,"Edmonton, AB",Canada,,,,,
901,Jordan Schmaltz,"Madison, WI",USA,,,,,
902,Nick Schmaltz,"Madison, WI",USA,,,,,
903,Nick Schmaltz,"Madison, WI",USA,,,,,
904,Nate Schmidt,"St. Cloud, MN",USA,,,,,
905,Cory Schneider,"Marblehead, MA",USA,,,,,
906,Jimmy Schuldt,"Minnetonka, MN",USA,,,,,
907,Justin Schultz,"Kelowna, BC",Canada,,,,,
908,Jaden Schwartz,"Wilcox, SK",Canada,,,,,
909,Brent Seabrook,"Richmond, BC",Canada,,,,,
910,Lukas Sedlak,Ceské Budejovice,Czech Republic,,,,,
911,Nick Seeler,"Eden Prairie, MN",USA,,,,,
912,Tyler Seguin,"Brampton, ON",Canada,,,,,
913,Andrej Sekera,Bojnice,Slovakia,,,,,
914,Brett Seney,"London, ON",Canada,,,,,
915,Zach Senyshyn,"Ottawa, ON",Canada,,,,,
916,Mikhail Sergachev,Nizhnekamsk,Russia,,,,,
917,Damon Severson,"Melville, SK",Canada,,,,,
918,Kevin Shattenkirk,"New Rochelle, NY",USA,,,,,
919,Andrew Shaw,"Belleville, ON",Canada,,,,,
920,Riley Sheahan,"St. Catharines, ON",Canada,,,,,
921,Riley Sheahan,"St. Catharines, ON",Canada,,,,,
922,Conor Sheary,"Winchester, MA",USA,,,,,
923,Kiefer Sherwood,"Columbus, OH",USA,,,,,
924,Kiefer Sherwood,"Columbus, OH",USA,,,,,
925,Kole Sherwood,"New Albany, OH",USA,,,,,
926,Devin Shore,"Ajax, ON",Canada,,,,,
927,Devin Shore,"Ajax, ON",Canada,,,,,
928,Jonas Siegenthaler,Zurich,Switzerland,,,,,
929,Dylan Sikura,"Aurora, ON",Canada,,,,,
930,Jakob Silfverberg,Gävle,Sweden,,,,,
931,Radim Simek,Mlada Boleslav,Czech Republic,,,,,
932,Wayne Simmonds,"Scarborough, ON",Canada,,,,,
933,Wayne Simmonds,"Scarborough, ON",Canada,,,,,
934,Dominik Simon,Prague,Czech Republic,,,,,
935,Colton Sissons,"North Vancouver, BC",Canada,,,,,
936,Jeff Skinner,"Toronto, ON",Canada,,,,,
937,Brady Skjei,"Lakeville, MN",USA,,,,,
938,Jaccob Slavin,"Denver, CO",USA,,,,,
939,Brendan Smith,"Mimico, ON",Canada,,,,,
940,C.J. Smith,"Des Moines, IA",USA,,,,,
941,Craig Smith,"Madison, WI",USA,,,,,
942,Gemel Smith,"Toronto, ON",Canada,,,,,
943,Gemel Smith,"Toronto, ON",Canada,,,,,
944,Mike Smith,"Kingston, ON",Canada,,,,,
945,Reilly Smith,"Mimico, ON",Canada,,,,,
946,Zack Smith,"Maple Creek, SK",Canada,,,,,
947,Devante Smith-Pelly,"Scarborough, ON",Canada,,,,,
948,Vladimir Sobotka,Trebic,Czech Republic,,,,,
949,Carl Soderberg,Malmö,Sweden,,,,,
950,Marcus Sorensen,Sodertalje,Sweden,,,,,
951,Nikita Soshnikov,Nizhny Tagil,Russia,,,,,
952,Garret Sparks,"Elmhurst, IL",USA,,,,,
953,Jason Spezza,"Toronto, ON",Canada,,,,,
954,Ryan Spooner,"Ottawa, ON",Canada,,,,,
955,Ryan Spooner,"Ottawa, ON",Canada,,,,,
956,Ryan Spooner,"Ottawa, ON",Canada,,,,,
957,Daniel Sprong,Amsterdam,Netherlands,,,,,
958,Daniel Sprong,Amsterdam,Netherlands,,,,,
959,Jared Spurgeon,"Edmonton, AB",Canada,,,,,
960,Eric Staal,"Thunder Bay, ON",Canada,,,,,
961,Jordan Staal,"Thunder Bay, ON",Canada,,,,,
962,Marc Staal,"Thunder Bay, ON",Canada,,,,,
963,Drew Stafford,"Milwaukee, WI",USA,,,,,
964,Alex Stalock,"St. Paul, MN",USA,,,,,
965,Steven Stamkos,"Markham, ON",Canada,,,,,
966,Paul Stastny,"Quebec City, QC",Canada,,,,,
967,Troy Stecher,"Richmond, BC",Canada,,,,,
968,Sam Steel,"Ardrossan, AB",Canada,,,,,
969,Alexander Steen,"Winnipeg, MB",Canada,,,,,
970,Lee Stempniak,"West Seneca, NY",USA,,,,,
971,Kevin Stenlund,Stockholm,Sweden,,,,,
972,Derek Stepan,"Hastings, MN",USA,,,,,
973,Chandler Stephenson,"Saskatoon, SK",Canada,,,,,
974,Riley Stillman,"Peterborough, ON",Canada,,,,,
975,Anthony Stolarz,"Edison, NJ",USA,,,,,
976,Anthony Stolarz,"Edison, NJ",USA,,,,,
977,Mark Stone,"Winnipeg, MB",Canada,,,,,
978,Mark Stone,"Winnipeg, MB",Canada,,,,,
979,Michael Stone,"Winnipeg, MB",Canada,,,,,
980,Anton Stralman,Tibro,Sweden,,,,,
981,Ben Street,"Coquitlam, BC",Canada,,,,,
982,Dylan Strome,"Mississauga, ON",Canada,,,,,
983,Dylan Strome,"Mississauga, ON",Canada,,,,,
984,Ryan Strome,"Mississauga, ON",Canada,,,,,
985,Ryan Strome,"Mississauga, ON",Canada,,,,,
986,Nico Sturm,Augsburg,Germany,,,,,
987,Malcolm Subban,"Toronto, ON",Canada,,,,,
988,P.K. Subban,"Toronto, ON",Canada,,,,,
989,Libor Sulak,Pelhrimov,Czech Republic,,,,,
990,Oskar Sundqvist,Boden,Sweden,,,,,
991,Antti Suomela,Espoo,Finland,,,,,
992,Andrej Sustr,Plzen,Czech Republic,,,,,
993,Ryan Suter,"Madison, WI",USA,,,,,
994,Brandon Sutter,"Huntington, NY",USA,,,,,
995,Andrei Svechnikov,Barnaul,Russia,,,,,
996,Cam Talbot,"Caledonia, ON",Canada,,,,,
997,Cam Talbot,"Caledonia, ON",Canada,,,,,
998,Brandon Tanev,"Toronto, ON",Canada,,,,,
999,Christopher Tanev,"Toronto, ON",Canada,,,,,
1000,Eric Tangradi,"Philadelphia, PA",USA,,,,,
1001,Vladimir Tarasenko,Yaroslavl,Russia,,,,,
1002,Tomas Tatar,Ilava,Slovakia,,,,,
1003,John Tavares,"Mississauga, ON",Canada,,,,,
1004,Matt Tennyson,"Minneapolis, MN",USA,,,,,
1005,Teuvo Teravainen,Helsinki,Finland,,,,,
1006,Troy Terry,"Denver, CO",USA,,,,,
1007,Josh Teves,"Calgary, AB",Canada,,,,,
1008,Alexandre Texier,St. Martin D'heres,France,,,,,
1009,Shea Theodore,"Langley, BC",Canada,,,,,
1010,Robert Thomas,"Aurora, ON",Canada,,,,,
1011,Nate Thompson,"Anchorage, AK",USA,,,,,
1012,Nate Thompson,"Anchorage, AK",USA,,,,,
1013,Tage Thompson,"Phoenix, AZ",USA,,,,,
1014,Chris Thorburn,"Sault Ste. Marie, ON",Canada,,,,,
1015,Joe Thornton,"London, ON",Canada,,,,,
1016,Chris Tierney,"Keswick, ON",Canada,,,,,
1017,Brady Tkachuk,"Scottsdale, AZ",USA,,,,,
1018,Matthew Tkachuk,"Scottsdale, AZ",USA,,,,,
1019,Devon Toews,"Abbotsford, BC",Canada,,,,,
1020,Jonathan Toews,"Winnipeg, MB",Canada,,,,,
1021,Tyler Toffoli,"Scarborough, ON",Canada,,,,,
1022,Eeli Tolvanen,Vihti,Finland,,,,,
1023,Dominic Toninato,"Duluth, MN",USA,,,,,
1024,Vincent Trocheck,"Pittsburgh, PA",USA,,,,,
1025,Zach Trotman,"Carmel, IN",USA,,,,,
1026,Jacob Trouba,"Rochester, MI",USA,,,,,
1027,Alex Tuch,"Syracuse, NY",USA,,,,,
1028,Dominic Turgeon,"Pointe-Claire, QC",Canada,,,,,
1029,Kyle Turris,"New Westminster, BC",Canada,,,,,
1030,Linus Ullmark,Lugnvik,Sweden,,,,,
1031,Urho Vaakanainen,Joensuu,Finland,,,,,
1032,Juuso Valimaki,Tampere,Finland,,,,,
1033,Thomas Vanek,Vienna,Austria,,,,,
1034,James van Riemsdyk,"Middletown, NJ",USA,,,,,
1035,Trevor van Riemsdyk,"Middletown, NJ",USA,,,,,
1036,Semyon Varlamov,Samara,Russia,,,,,
1037,Philip Varone,"Vaughan, ON",Canada,,,,,
1038,Andrei Vasilevskiy,Tyumen,Russia,,,,,
1039,Sami Vatanen,Jyväskylä,Finland,,,,,
1040,Frank Vatrano,"East Longmeadow, MA",USA,,,,,
1041,Max Veronneau,"Ottawa, ON",Canada,,,,,
1042,Kristian Vesalainen,Helsinki,Finland,,,,,
1043,Jimmy Vesey,"Boston, MA",USA,,,,,
1044,Jake Virtanen,"Langley, BC",Canada,,,,,
1045,Marc-Edouard Vlasic,"Montreal, QC",Canada,,,,,
1046,Jakub Voracek,Kladno,Czech Republic,,,,,
1047,Mikhail Vorobyev,Ufa,Russia,,,,,
1048,Jakub Vrana,Prague,Czech Republic,,,,,
1049,Austin Wagner,"Calgary, AB",Canada,,,,,
1050,Chris Wagner,"Walpole, MA",USA,,,,,
1051,Nathan Walker,Cardiff,England,,,,,
1052,Sean Walker,"Keswick, ON",Canada,,,,,
1053,Lucas Wallmark,Umea,Sweden,,,,,
1054,Cam Ward,"Saskatoon, SK",Canada,,,,,
1055,Austin Watson,"Ann Arbor, MI",USA,,,,,
1056,Jordan Weal,"North Vancouver, BC",Canada,,,,,
1057,Jordan Weal,"North Vancouver, BC",Canada,,,,,
1058,Jordan Weal,"North Vancouver, BC",Canada,,,,,
1059,Shea Weber,"Sicamous, BC",Canada,,,,,
1060,Yannick Weber,Morges,Switzerland,,,,,
1061,MacKenzie Weegar,"Ottawa, ON",Canada,,,,,
1062,Dale Weise,"Winnipeg, MB",Canada,,,,,
1063,Dale Weise,"Winnipeg, MB",Canada,,,,,
1064,Andy Welinski,"Duluth, MN",USA,,,,,
1065,Alexander Wennberg,Stockholm,Sweden,,,,,
1066,Zach Werenski,"Grosse Pointe, MI",USA,,,,,
1067,Blake Wheeler,"Plymouth, MN",USA,,,,,
1068,Colin White,"Boston, MA",USA,,,,,
1069,Colton White,"London, ON",Canada,,,,,
1070,Chris Wideman,"St. Louis, MO",USA,,,,,
1071,Chris Wideman,"St. Louis, MO",USA,,,,,
1072,Chris Wideman,"St. Louis, MO",USA,,,,,
1073,Justin Williams,"Cobourg, ON",Canada,,,,,
1074,Colin Wilson,"Greenwich, CT",USA,,,,,
1075,Garrett Wilson,"Barrie, ON",Canada,,,,,
1076,Scott Wilson,"Oakville, ON",Canada,,,,,
1077,Tom Wilson,"Toronto, ON",Canada,,,,,
1078,Luke Witkowski,"Holland, MI",USA,,,,,
1079,Christian Wolanin,"Quebec City, QC",Canada,,,,,
1080,Miles Wood,"Buffalo, NY",USA,,,,,
1081,Egor Yakovlev,Magnitogorsk,Russia,,,,,
1082,Kailer Yamamoto,"Spokane, WA",USA,,,,,
1083,Keith Yandle,"Boston, MA",USA,,,,,
1084,Pavel Zacha,Brno,Czech Republic,,,,,
1085,Filip Zadina,Pardubice,Czech Republic,,,,,
1086,Nikita Zadorov,Moscow,Russia,,,,,
1087,Nikita Zaitsev,Moscow,Russia,,,,,
1088,Travis Zajac,"Winnipeg, MB",Canada,,,,,
1089,Jakub Zboril,Brno,Czech Republic,,,,,
1090,Mika Zibanejad,Huddinge,Sweden,,,,,
1091,Mats Zuccarello,Oslo,Norway,,,,,
1092,Mats Zuccarello,Oslo,Norway,,,,,
1093,Jason Zucker,"Newport Beach, CA",USA,,,,,
1094,Valentin Zykov,St. Petersburg,Russia,,,,,
1095,Valentin Zykov,St. Petersburg,Russia,,,,,
1096,Valentin Zykov,St. Petersburg,Russia,,,,,
1097,Rodrigo Abols,Riga,Latvia,,,,,
1098,Sebastian Aho,Umea,Sweden,,,,,
1099,John Albert,"Cleveland, OH",USA,,,,,
1100,Frederic Allard,"St. Sauveur, QC",Canada,,,,,
1101,Sam Anas,"Potomac, MD",USA,,,,,
1102,Mikey Anderson,"Fridley, MN",USA,,,,,
1103,Andy Andreoff,"Pickering, ON",Canada,,,,,
1104,Anthony Angello,"Albany, NY",USA,,,,,
1105,Victor Antipin,Ust-Kamenogorsk,Kazakhstan,,,,,
1106,Jonathan Aspirot,"Mascouche, QC",Canada,,,,,
1107,Rasmus Asplund,Filipstad,Finland,,,,,
1108,Riley Barber,"Pittsburgh, PA",USA,,,,,
1109,Cole Bardreau,"Fairport, NY",USA,,,,,
1110,Cody Bass,"Owen sound, ON",Canada,,,,,
1111,Kyle Bauman,"Apopka, FL",USA,,,,,
1112,Ethan Bear,"Regina, SK",Canada,,,,,
1113,Nicolas Beaudin,"Chateauguay, QC",Canada,,,,,
1114,Jack Becker,"Duluth, MN",USA,,,,,
1115,Kieffer Bellows,"Edina, MN",USA,,,,,
1116,Emil Bemstrom,Nykoping,Sweden,,,,,
1117,Andre Benoit,"St. Albert, ON",Canada,,,,,
1118,Simon Benoit,"Laval, QC",USA,,,,,
1119,Tyler Benson,"Edmonton, AB",Canada,,,,,
1120,Mikhail Berdin,Ufa,Russia,,,,,
1121,Lean Bergmann,Hemer,Germany,,,,,
1122,Jacob Bernard-Docker,"Banff, AB",Canada,,,,,
1123,Steve Bernier,"Quebec, QC",Canada,,,,,
1124,Jean-Francois Berube,"Repentigny, QC",Canada,,,,,
1125,Chris Bigras,"Orillia, ON",Canada,,,,,
1126,Jake Bischoff,"Cambridge, MN",USA,,,,,
1127,Paul Bittner,"Crookston, MN",USA,,,,,
1128,Tobias Bjornfot,Upplands Vasby,Sweden,,,,,
1129,Joachim Blichfeld,Frederikshavn,Denmark,,,,,
1130,Michael Blunden,"Toronto, ON",Canada,,,,,
1131,Adam Boqvist,Falun,Sweden,,,,,
1132,Jesper Boqvist,Falun,Sweden,,,,,
1133,Andreas Borgman,Stockholm,Sweden,,,,,
1134,Lance Bouma,"Provost, AB",Canada,,,,,
1135,Rene Bourque,"Lac La Biche, AB",Canada,,,,,
1136,Jeremy Bracco,"Freeport, NY",USA,,,,,
1137,Chris Breen,"Uxbridge, ON",Canada,,,,,
1138,Alex Broadhurst,"New Lenox, IL",USA,,,,,
1139,Terry Broadhurst,"Orland Park, IL",USA,,,,,
1140,Adam Brooks,"Winnipeg, MB",Canada,,,,,
1141,Patrick Brown,"Bloomfield Hills, MI",USA,,,,,
1142,Sergei Brylin,Moscow,Russia,,,,,
1143,Connor Bunnaman,"Guelph, ON",Canada,,,,,
1144,Brayden Burke,,,,,,,
1145,Alexander Burmistrov,Kazan,Russia,,,,,
1146,Nicholas Caamano,"Ancaster, ON",Canada,,,,,
1147,Mike Cammalleri,"Toronto, ON",Canada,,,,,
1148,Patrick Cannone,"Bayport, NY",USA,,,,,
1149,Michael Carcone,"Ajax, ON",Canada,,,,,
1150,Greg Carey,"Hamilton, ON",Canada,,,,,
1151,Matt Carkner,"Winchester, ON",Canada,,,,,
1152,Lucas Carlsson,Gävle,Sweden,,,,,
1153,Alexandre Carrier,"Quebec, QC",Canada,,,,,
1154,Austin Carroll,"Phoenix, AZ",USA,,,,,
1155,Ivan Chekhovich,Yekaterinburg,Russia,,,,,
1156,Andrei Chibisov,,,,,,,
1157,Ivan Chukarov,"Des Plaines, IL",USA,,,,,
1158,Kale Clague,"Lloydminster, AB",Canada,,,,,
1159,Christopher Clapperton,"Chandler, QC",Canada,,,,,
1160,Chris Clark,"South Windsor, CT",USA,,,,,
1161,Kody Clark,"Chicago, IL",USA,,,,,
1162,Ryane Clowe,"St. John's, NL",Canada,,,,,
1163,Dylan Coghlan,"Nanaimo, BC",Canada,,,,,
1164,Ryan Collins,"Bloomington, MN",USA,,,,,
1165,Chris Conner,"Westland, MI",USA,,,,,
1166,Jared Coreau,"Perth, ON",Canada,,,,,
1167,Frank Corrado,"Woodbridge, ON",Canada,,,,,
1168,David Cotton,"Parker, TX",USA,,,,,
1169,Kyle Criscuolo,"Southampton, NJ",USA,,,,,
1170,Tommy Cross,"Simsbury, CT",USA,,,,,
1171,Kyle Cumiskey,"Abbotsford, BC",Canada,,,,,
1172,Craig Cunningham,"Trail, BC",Canada,,,,,
1173,Kevin Czuczman,"Port Elgin, ON",Canada,,,,,
1174,Kirby Dach,"Fort Saskatchewan, AB",Canada,,,,,
1175,Oscar Dansk,Stockholm,Sweden,,,,,
1176,Jonathan Davidsson,Tyreso,Sweden,,,,,
1177,Rob Davison,"St. Catharines, ON",Canada,,,,,
1178,Logan Day,"Seminole, FL",USA,,,,,
1179,David Desharnais,"Laurier-Station, QC",Canada,,,,,
1180,Nick DeSimone,"East Amherst, NY",USA,,,,,
1181,Philippe Desrosiers,"Saint-Hyacinthe, QC",Canada,,,,,
1182,Josh Dickinson,"Georgetown, ON",Canada,,,,,
1183,Josiah Didier,"Littleton, CO",USA,,,,,
1184,Emil Djuse,Skelleftea,Sweden,,,,,
1185,Noah Dobson,"Summerside, PE",Canada,,,,,
1186,Jacob Doty,"Billings, MT",USA,,,,,
1187,Jack Dougherty,"St. Paul, MN",USA,,,,,
1188,Chris Driedger,"Winnipeg, MB",Canada,,,,,
1189,Chris Drury,"Trumbull, CT",USA,,,,,
1190,Gabriel Dumont,"Degelis, QC",Canada,,,,,
1191,Sean Durzi,"Mississauga, ON",Canada,,,,,
1192,Joseph Duszak,"Franklin Square, NY",USA,,,,,
1193,Patrick Dwyer,"Spokane, WA",USA,,,,,
1194,Nick Ebert,"Livingston, NJ",USA,,,,,
1195,Turner Elson,"Edmonton, AB",Canada,,,,,
1196,Hudson Elynuik,"Calgary, AB",Canada,,,,,
1197,Alexei Emelin,Togliatti,Russia,,,,,
1198,Pierre Engvall,Ljungby,Sweden,,,,,
1199,Jake Evans,"Toronto, ON",Canada,,,,,
1200,Joel Farabee,"Syracuse, NY",USA,,,,,
1201,Hudson Fasching,"Milwaukee, WI",USA,,,,,
1202,Mark Fayne,"Nashua, NH",USA,,,,,
1203,Martin Fehervary,Bratislava,Slovakia,,,,,
1204,Dylan Ferguson,"Lantzville, BC",Canada,,,,,
1205,Mario Ferraro,"Toronto, ON",Canada,,,,,
1206,Giovanni Fiore,"Laval, QC",Canada,,,,,
1207,Mike Fisher,"Peterborough, ON",Canada,,,,,
1208,Cavan Fitzgerald,"Boston, MA",USA,,,,,
1209,Ryan Fitzgerald,"Fort Lauderdale, FL",USA,,,,,
1210,Cale Fleury,"Calgary, AB",Canada,,,,,
1211,Brian Flynn,"Lynnfield, MA",USA,,,,,
1212,Cal Foote,"Englewood, CO",USA,,,,,
1213,Anton Forsberg,Härnösand,Sweden,,,,,
1214,Adam Fox,"Jericho, NY",USA,,,,,
1215,Mitch Fritz,"Osoyoos, BC",Canada,,,,,
1216,Byron Froese,"Winkler, MB",Canada,,,,,
1217,Morgan Frost,"Aurora, ON",Canada,,,,,
1218,Jesse Gabrielle,"Edmonton, AB",Canada,,,,,
1219,Parker Gahagen,"Buffalo, NY",USA,,,,,
1220,Tyler Ganly,"Mississauga, ON",Canada,,,,,
1221,Rhett Gardner,"Moose Jaw, SK",Canada,,,,,
1222,Julien Gauthier,"Pointe-aux-Trembles, QC",Canada,,,,,
1223,Vladislav Gavrikov,Yaroslavl,Russia,,,,,
1224,Glenn Gawdin,"Richmond, BC",Canada,,,,,
1225,Luke Gazdic,"Toronto, ON",USA,,,,,
1226,Morgan Geekie,"Strathclair, MB",Canada,,,,,
1227,Nathan Gerbe,"Oxford, MI",USA,,,,,
1228,Shane Gersich,"Chaska, MN",USA,,,,,
1229,Jon Gillies,"Concord, NH",USA,,,,,
1230,Cody Glass,"Winnipeg, MB",Canada,,,,,
1231,Josh Gorges,"Kelowna, BC",Canada,,,,,
1232,Petter Granberg,Gallivare,Sweden,,,,,
1233,Tyler Graovac,"Brampton, ON",Canada,,,,,
1234,Noah Gregor,"Beaumont, AB",Canada,,,,,
1235,Alexandre Grenier,"Laval, QC",Canada,,,,,
1236,Seth Griffith,"Wallaceburg, ON",Canada,,,,,
1237,Mikhail Grigorenko,Khabarovsk,Russia,,,,,
1238,Troy Grosenick,"Brookfield, WI",USA,,,,,
1239,Jordan Gross,"Maple Grove, MN",USA,,,,,
1240,Kristers Gudlevskis,Aizkraukle,Latvia,,,,,
1241,Nikita Gusev,Moscow,Russia,,,,,
1242,David Gust,"Orland Park, IL",USA,,,,,
1243,David Gustafsson,Tingsryd,Sweden,,,,,
1244,Filip Gustavsson,"Skelleftea, Sweden",Sweden,,,,,
1245,Jonas Gustavsson,Danderyd,Sweden,,,,,
1246,Gaetan Haas,Bonfol,Switzerland,,,,,
1247,Brandon Hagel,"Saskatoon, SK",Canada,,,,,
1248,Jani Hakanpaa,Kirkkonummi,Finland,,,,,
1249,Jayden Halbgewachs,"Emerald Park, SK",Canada,,,,,
1250,Wacey Hamilton,"Cochrane, AB",Canada,,,,,
1251,Andrew Hammond,"Surrey, BC",Canada,,,,,
1252,Jansen Harkins,"Cleveland, OH",USA,,,,,
1253,Scott Hartnell,"Regina, SK",Canada,,,,,
1254,Barrett Hayton,"Peterborough, ON",Canada,,,,,
1255,Josh Healey,"Edmonton, AB",Canada,,,,,
1256,Ville Heinola,Honkajoki,Finland,,,,,
1257,Seth Helgeson,"Faribault, MN",USA,,,,,
1258,Magnus Hellberg,Uppsala,Sweden,,,,,
1259,Brandon Hickey,"Leduc, AB",Canada,,,,,
1260,Matthew Highmore,"Halifax, NS",Canada,,,,,
1261,Blake Hillman,"Elk River, MN",USA,,,,,
1262,Connor Hobbs,"Regina, SK",Canada,,,,,
1263,Patrick Holland,"Lethbridge, AB",Canada,,,,,
1264,Mac Hollowell,"Niagara Falls, ON",Canada,,,,,
1265,Cameron Hughes,"Edmonton, AB",Canada,,,,,
1266,Jack Hughes,"Orlando, FL",USA,,,,,
1267,Bokondji Imama,"Montreal, QC",Canada,,,,,
1268,Connor Ingram,"Imperial, SK",Canada,,,,,
1269,Doug Janik,"Agawam, MA",USA,,,,,
1270,Tanner Jeannot,"Oxbow, SK",Canada,,,,,
1271,Nicklas Jensen,Herning,Denmark,,,,,
1272,Lucas Johansen,"Vancouver, BC",Canada,,,,,
1273,Jonas Johansson,,,,,,,
1274,Stephen Johns,"Ellwood City, PA",USA,,,,,
1275,Ryan Johnson,"Thunder Bay, ON",Canada,,,,,
1276,Ben Jones,"Waterloo, ON",Canada,,,,,
1277,Connor Jones,"Montrose, BC",Canada,,,,,
1278,Max Jones,"Rochester, MI",USA,,,,,
1279,Axel Jonsson-Fjallby,Stockholm,Sweden,,,,,
1280,Pierre-Olivier Joseph,"Laval, QC",USA,,,,,
1281,Tomas Jurco,Kosice,Slovakia,,,,,
1282,Kaapo Kahkonen,Helsinki,Finland,,,,,
1283,Kaapo Kakko,Turku,Finland,,,,,
1284,Erik Kallgren,Stockholm,Sweden,,,,,
1285,Keegan Kanzig,"Athabasca, AB",USA,,,,,
1286,Erik Karlsson,Lerum,Sweden,,,,,
1287,Pavel Karnaukhov,Minsk,Belarus,,,,,
1288,Jason Kasdorf,"Winnipeg, MB",Canada,,,,,
1289,David Kase,Kadan,Czech Republic,,,,,
1290,Kasimir Kaskisuo,Vantaa,Finland,,,,,
1291,Joey Keane,"Chicago, IL",USA,,,,,
1292,Bracken Kearns,"North Vancouver, BC",Canada,,,,,
1293,Joel Kellman,Karlskrona,Sweden,,,,,
1294,Parker Kelly,"Camrose, AB",Canada,,,,,
1295,Tanner Kero,"Hancock, MI",USA,,,,,
1296,Alex Khokhlachev,Moscow,Russia,,,,,
1297,Jake Kielly,"Eden Prairie, MN",USA,,,,,
1298,Jason King,"Corner Brook, NL",Canada,,,,,
1299,Teemu Kivihalme,"Cloquet, MN",USA,,,,,
1300,Joel Kiviranta,Vantaa,Finland,,,,,
1301,Matiss Kivlenieks,Riga,Latvia,,,,,
1302,Kevin Klein,"Kitchener, ON",Canada,,,,,
1303,Morgan Klimchuk,"Regina, SK",Canada,,,,,
1304,Carl Klingberg,Gothenburg,Sweden,,,,,
1305,Eric Knodel,"West Chester, PA",USA,,,,,
1306,Nikolai Knyzhov,Kemerovo,Russia,,,,,
1307,Otto Koivula,Nokia,Finland,,,,,
1308,Joona Koppanen,Tampere,Finland,,,,,
1309,Josef Korenar,Pelhrimov,Czech Republic,,,,,
1310,Egor Korshkov,Novosibirsk,Russia,,,,,
1311,Klim Kostin,Penza,Russia,,,,,
1312,Johnathan Kovacevic,"Grimsby, ON",Canada,,,,,
1313,Vitali Kravtsov,Vladivostok,Russia,,,,,
1314,Dominik Kubalik,Plzen,Czech Republic,,,,,
1315,Rasmus Kupari,Kotka,Finland,,,,,
1316,Pierre-Cedric Labrie,"Baie-Comeau, QC",Canada,,,,,
1317,Cedric Lacroix,"Shefford, QC",Canada,,,,,
1318,Sam Lafferty,"Hollidaysburg, PA",USA,,,,,
1319,William Lagesson,Gothenberg,Sweden,,,,,
1320,Brooks Laich,"Wawota, SK",Canada,,,,,
1321,Tristin Langan,"Swan River, MB",Canada,,,,,
1322,Marek Langhamer,Moravska Trebova,Czech Republic,,,,,
1323,Kevin Lankinen,Helsinki,Finland,,,,,
1324,Michael Latta,"Kitchener, ON",Canada,,,,,
1325,Jakub Lauko,Praha,Czech Republic,,,,,
1326,Jay Leach,"Syracuse, NY",USA,,,,,
1327,Taylor Leier,"Saskatoon, SK",Canada,,,,,
1328,Brett Lernout,"Winnipeg, MB",Canada,,,,,
1329,Otto Leskinen,Pieksamaki,Finland,,,,,
1330,Maxim Letunov,Moscow,Russia,,,,,
1331,Mike Liambas,"Toronto, ON",Canada,,,,,
1332,Jakob Lilja,Malmo,Sweden,,,,,
1333,Timothy Liljegren,Kristianstad,Sweden,,,,,
1334,Tobias Lindberg,Stockholm,Sweden,,,,,
1335,Petteri Lindbohm,Helsinki,Finland,,,,,
1336,Jesper Lindgren,Umea,Sweden,,,,,
1337,Gustav Lindstrom,,,,,,,
1338,Viktor Loov,Sodertalje,Sweden,,,,,
1339,Steven Lorentz,"Waterloo, ON",Canada,,,,,
1340,Keegan Lowe,"Edmonton, AB",USA,,,,,
1341,Jake Lucchini,"Trail, BC",Canada,,,,,
1342,Aaron Luchuk,"Kingston, ON",Canada,,,,,
1343,Mario Lucia,"Fairbanks, AK",USA,,,,,
1344,Eetu Luostarinen,Siilinjarvi,Finland,,,,,
1345,Joona Luoto,Tampere,Finland,,,,,
1346,Roman Lyubimov,Tver,Russia,,,,,
1347,Ryan MacInnis,"St. Louis, MO",USA,,,,,
1348,Gregor MacLeod,"Dartmouth, NS",Canada,,,,,
1349,Cale Makar,"Calgary, AB",Canada,,,,,
1350,Beck Malenstyn,"Delta, BC",Canada,,,,,
1351,Sean Malone,"West Seneca, NY",USA,,,,,
1352,Mason Marchment,"Uxbridge, ON",Canada,,,,,
1353,John Marino,"North Easton, MA",USA,,,,,
1354,Andrey Markov,Kazan,Russia,,,,,
1355,Spencer Martin,"Oakville, ON",Canada,,,,,
1356,Adam Mascherin,"Maple, ON",Canada,,,,,
1357,Stefan Matteau,"Chicago, IL",USA,,,,,
1358,Gerald Mayhew,"Wyandotte, MI",USA,,,,,
1359,Gerry Mayhew,"Wyandotte, MI",USA,,,,,
1360,Josh McArdle,"Roscoe, IL",USA,,,,,
1361,Michael McCarron,"Grosse Pointe, MI",USA,,,,,
1362,John McCarthy,"Boston, MA",USA,,,,,
1363,Colin McDonald,"Wethersfield, CT",USA,,,,,
1364,Evan McEneny,"Hamilton, ON",Canada,,,,,
1365,Tim McGauley,"Wilcox, SK",Canada,,,,,
1366,Curtis McKenzie,"Golden, BC",Canada,,,,,
1367,Roland McKeown,"Listowel, ON",Canada,,,,,
1368,Mitch McLain,"Baxter, MN",USA,,,,,
1369,Dylan McLaughlin,"Lancaster, NY",USA,,,,,
1370,Ryan McLeod,"Mississauga, ON",Canada,,,,,
1371,Mark McNeill,"Langley, BC",Canada,,,,,
1372,Michael McNiven,"Georgetown, ON",Canada,,,,,
1373,Jayson Megna,"Fort Lauderdale, FL",USA,,,,,
1374,Julian Melchiori,"Richmond Hill, ON",Canada,,,,,
1375,Nicolas Meloche,"LaSalle, QC",Canada,,,,,
1376,Brennan Menell,"Woodbury, MN",USA,,,,,
1377,Michael Mersch,"Park Ridge, IL",USA,,,,,
1378,Elvis Merzlikins,Riga,Latvia,,,,,
1379,Garrett Metcalf,"Salt Lake City, UT",USA,,,,,
1380,Keaton Middleton,"Stratford, ON",Canada,,,,,
1381,Ilya Mikheyev,Omsk,Russia,,,,,
1382,Niko Mikkola,Kiiminki,Finland,,,,,
1383,Andrew Miller,"Bloomfield Hills, MI",USA,,,,,
1384,Drew Miller,"Dover, NJ",USA,,,,,
1385,Griffen Molino,"Trenton, MI",USA,,,,,
1386,Matt Moulson,"North York, ON",Canada,,,,,
1387,Vojtech Mozik,Prague,Czech Republic,,,,,
1388,Chris Mueller,"West Seneca, NY",USA,,,,,
1389,Trevor Murphy,"Windsor, ON",Canada,,,,,
1390,Aaron Ness,"Roseau, MN",USA,,,,,
1391,Scott Nichol,"Edmonton, AB",Canada,,,,,
1392,Cristopher Nihlstorp,Malmö,Sweden,,,,,
1393,Josh Norris,"Oxford, MI",USA,,,,,
1394,Joakim Nygard,Stockholm,Sweden,,,,,
1395,Liam O'Brien,"Halifax, NS",Canada,,,,,
1396,Matt O'Connor,"Sault Ste. Marie, ON",Canada,,,,,
1397,Jake Oettinger,"Lakeville, MN",USA,,,,,
1398,Rob O'Gara,"Massapequa, NY",USA,,,,,
1399,Steve Oleksy,"Chesterfield, MI",USA,,,,,
1400,Mathieu Olivier,"Levis, QC",USA,,,,,
1401,Gustav Olofsson,Boras,Sweden,,,,,
1402,Ryan Olsen,"Delta, BC",Canada,,,,,
1403,Cal O'Reilly,"Toronto, ON",Canada,,,,,
1404,Nathan Paetsch,"Leroy, SK",Canada,,,,,
1405,Ryan Parent,"Prince Albert, SK",Canada,,,,,
1406,Chase Pearson,"Alpharetta, GA",USA,,,,,
1407,Andrew Peeke,"Parkland, FL",USA,,,,,
1408,Francis Perron,"Laval, QC",Canada,,,,,
1409,Toby Petersen,"Minneapolis, MN",USA,,,,,
1410,Andre Petersson,Olofstrom,Sweden,,,,,
1411,Matthew Phillips,"Calgary, AB",Canada,,,,,
1412,Garrett Pilon,"Mineola, NY",USA,,,,,
1413,Brian Pinho,"North Andover, MA",USA,,,,,
1414,Austin Poganski,"St. Cloud, MN",USA,,,,,
1415,Emile Poirier,"Montreal, QC",Canada,,,,,
1416,Tucker Poolman,"Dubuque, IA",USA,,,,,
1417,David Pope,"Edmonton, AB",Canada,,,,,
1418,Kevin Porter,"Detroit, MI",USA,,,,,
1419,Andrew Poturalski,"Williamsville, NY",USA,,,,,
1420,Kevin Poulin,"Montreal, QC",Canada,,,,,
1421,Benoit Pouliot,"Alfred, ON",Canada,,,,,
1422,Daniel Pribyl,Pisek,Czechoslovakia,,,,,
1423,Cayden Primeau,"Voorhees, NJ",USA,,,,,
1424,Chase Priskie,"Pembroke Pines, FL",USA,,,,,
1425,Nikolai Prokhorkin,Chelyabinsk,Russia,,,,,
1426,Ivan Prosvetov,Moskva,Russia,,,,,
1427,Ethan Prow,"Sauk Rapids, MN",USA,,,,,
1428,Cliff Pu,"Richmond Hill, ON",Canada,,,,,
1429,Teemu Pulkkinen,Vantaa,Finland,,,,,
1430,David Quenneville,"Edmonton, AB",Canada,,,,,
1431,Gage Quinney,"Las Vegas, NV",USA,,,,,
1432,Taylor Raddysh,"Caledon, ON",Canada,,,,,
1433,John Ramage,"Mississauga, ON",Canada,,,,,
1434,Tyler Randell,"Scarborough, ON",Canada,,,,,
1435,Zach Redmond,"Traverse City, MI",USA,,,,,
1436,Matt Register,"Calgary, AB",Canada,,,,,
1437,Brent Regner,"Westlock, AB",Canada,,,,,
1438,Mitch Reinke,"Stillwater, MN",USA,,,,,
1439,Dennis Robertson,"Fort St. John, BC",Canada,,,,,
1440,Jason Robertson,"Arcadia, CA",USA,,,,,
1441,Buddy Robinson,"Bellmawr, NJ",USA,,,,,
1442,Mat Robson,"Toronto, ON",Canada,,,,,
1443,Jeremy Roy,"Richelieu, QC",Canada,,,,,
1444,Kristians Rubins,Riga,Latvia,,,,,
1445,German Rubtsov,Chekhov,Russia,,,,,
1446,Steven Ruggiero,"Kings Park, NY",USA,,,,,
1447,Robbie Russo,"Westmont, IL",USA,,,,,
1448,Aleksi Saarela,Helsinki,Finland,,,,,
1449,Scott Sabourin,"Orleans, ON",Canada,,,,,
1450,Jack Sadek,"Lakeville, MN",USA,,,,,
1451,Ilya Samsonov,Magnitogorsk,Russia,,,,,
1452,Rasmus Sandin,Uppsala,Sweden,,,,,
1453,Cole Schneider,"Williamsville, NY",USA,,,,,
1454,Justin Scott,"Burlington, ON",Canada,,,,,
1455,Gilles Senn,Visp,Switzerland,,,,,
1456,Tom Sestito,"Rome, NY",USA,,,,,
1457,Ben Sexton,"Ottawa, ON",Canada,,,,,
1458,Logan Shaw,"Glace Bay, NS",Canada,,,,,
1459,Mason Shaw,"Wainwright, AB",Canada,,,,,
1460,Wiley Sherman,"Greenwich, CT",USA,,,,,
1461,Igor Shesterkin,Moscow,Russia,,,,,
1462,Hunter Shinkaruk,"Calgary, AB",Canada,,,,,
1463,Drew Shore,"Denver, CO",USA,,,,,
1464,Nicholas Shore,"Denver, CO",USA,,,,,
1465,Patrick Sieloff,"Ann Arbor, MI",USA,,,,,
1466,Tyler Sikura,"Markham, ON",Canada,,,,,
1467,Zach Sill,"Truro, NS",Canada,,,,,
1468,Dillon Simpson,"Edmonton, AB",Canada,,,,,
1469,Stuart Skinner,"Edmonton, AB",Canada,,,,,
1470,Spencer Smallman,"Summerside, PEI",Canada,,,,,
1471,Dalton Smith,"Oshawa, ON",Canada,,,,,
1472,Givani Smith,"Toronto, ON",Canada,,,,,
1473,Jeremy Smith,"Dearborn, MI",USA,,,,,
1474,Trevor Smith,"Ottawa, ON",Canada,,,,,
1475,Tim Soderlund,Skelleftea,Sweden,,,,,
1476,Linus Soderstrom,Stockholm,Sweden,,,,,
1477,Carson Soucy,"Viking, AB",Canada,,,,,
1478,Blake Speers,"Sault Ste. Marie, ON",Canada,,,,,
1479,Logan Stanley,"Waterloo, ON",Canada,,,,,
1480,Ryan Stanton,"St. Albert, AB",Canada,,,,,
1481,Shane Starrett,"Bellingham, MA",USA,,,,,
1482,Oskar Steen,Karlstad,Sweden,,,,,
1483,Devante Stephens,"White Rock, BC",Canada,,,,,
1484,Mitchell Stephens,"Peterborough, ON",Canada,,,,,
1485,John Stevens,"Sea Isle City, NJ",USA,,,,,
1486,Luke Stevens,"Bellair, CA",USA,,,,,
1487,Nolan Stevens,"Brantford, ON",Canada,,,,,
1488,Chris Stewart,"Toronto, ON",Canada,,,,,
1489,Clayton Stoner,"Port McNeill, BC",Canada,,,,,
1490,Brian Strait,"Waltham, MA",USA,,,,,
1491,Marian Studenic,Holic,Slovakia,,,,,
1492,Jack Studnicka,"Tecumseh, ON",Canada,,,,,
1493,Steve Sullivan,"Timmins, ON",Canada,,,,,
1494,Brett Sutter,"Viking, AB",Canada,,,,,
1495,Nick Suzuki,"London, ON",Canada,,,,,
1496,Evgeny Svechnikov,Yuzhno-Sakhalinsk,Russia,,,,,
1497,Viktor Svedberg,Gothenburg,Sweden,,,,,
1498,Jordan Szwarz,"Burlington, ON",Canada,,,,,
1499,Alex Tanguay,"Ste-Justine, QC",Canada,,,,,
1500,Matt Taormina,"Warren, MI",USA,,,,,
1501,Daniil Tarasov,Moscow,Russia,,,,,
1502,Chris Terry,"Brampton, ON",Canada,,,,,
1503,Ben Thomas,"Calgary, AB",Canada,,,,,
1504,Ben Thomson,"Brampton, ON",Canada,,,,,
1505,Calvin Thurkauf,Zug,Switzerland,,,,,
1506,Dmytro Timashov,Kirovograd,UKR,,,,,
1507,Conor Timmins,"St. Catharines, ON",Canada,,,,,
1508,Jarred Tinordi,"Burnsville, MN",USA,,,,,
1509,Owen Tippett,"Peterborough, ON",Canada,,,,,
1510,Nathan Todd,"Ottawa, ON",Canada,,,,,
1511,Dustin Tokarski,"Watson, SK",Canada,,,,,
1512,Sergey Tolchinsky,Moscow,Russia,,,,,
1513,Yakov Trenin,Chelyabinsk,Russia,,,,,
1514,Alexander True,Copenhagen,Denmark,,,,,
1515,Nikita Tryamkin,Yekaterinburg,Russia,,,,,
1516,Joni Tuulola,Hameenlinna,Finland,,,,,
1517,Carsen Twarynski,"Calgary, AB",Canada,,,,,
1518,T.J. Tynan,"Orland Park, IL",USA,,,,,
1519,Dominik Uher,Ostvava,Czech Republic,,,,,
1520,Kirill Ustimenko,Gomel,Belarus,,,,,
1521,Rinat Valiev,Nizhnekamsk,Russia,,,,,
1522,Vitek Vanecek,Havlickuv Brod,Czech Republic,,,,,
1523,Mike Vecchione,"Saugus, MA",USA,,,,,
1524,Lukas Vejdemo,Stockholm,Sweden,,,,,
1525,Hayden Verbeek,"Kingston, ON",Canada,,,,,
1526,Carter Verhaeghe,"Toronto, ON",Canada,,,,,
1527,Nolan Vesey,"North Reading, MA",USA,,,,,
1528,Linden Vey,"Wakaw, SK",Canada,,,,,
1529,Gabriel Vilardi,"Kingston, ON",Canada,,,,,
1530,Dan Vladar,Prague,Czech Republic,,,,,
1531,Alexander Volkov,Moscow,Russia,,,,,
1532,Viatcheslav Voynov,Chelyabinsk,Russia,,,,,
1533,Ryan Wagner,"Park Ridge, IL",USA,,,,,
1534,Oliver Wahlstrom,"Quincy, MA",USA,,,,,
1535,Jake Walman,"Toronto, ON",Canada,,,,,
1536,David Warsofsky,"Marshfield, MA",USA,,,,,
1537,Scott Wedgewood,"Brampton, ON",Canada,,,,,
1538,Anton Wedin,Sundsvall,Sweden,,,,,
1539,Adam Werner,Mariestad,Sweden,,,,,
1540,Ryan White,"Brandon, MB",Canada,,,,,
1541,Zach Whitecloud,"Brandon, MB",Canada,,,,,
1542,Steve Whitney,"Boston, MA",USA,,,,,
1543,Manuel Wiederer,Deggendorf,Germany,,,,,
1544,Adam Wilcox,"South St. Paul, MN",USA,,,,,
1545,Josh Wilkins,"Raleigh, NC",USA,,,,,
1546,Colby Williams,"Regina, SK",Canada,,,,,
1547,Eddie Wittchow,"Burnsville, MN",USA,,,,,
1548,Joseph Woll,"Dardenne Prairie, MO",USA,,,,,
1549,Kyle Wood,"Waterloo, ON",Canada,,,,,
1550,Brendan Woods,"Palmyra, PA",USA,,,,,
1551,Tyler Wotherspoon,"Burnaby, BC",Canada,,,,,
1552,Bogdam Yakimov,Nizhnekamsk,Russia,,,,,
1553,Nail Yakupov,Nizhnekamsk,Russia,,,,,
1554,Alexander Yelesin,Yaroslavl,Russia,,,,,
1555,Jesse Ylonen,Espoo,USA,,,,,
1556,Danil Yurtaykin,Belovo,Russia,,,,,
1557,Jeff Zatkoff,"Detroit, MI",USA,,,,,
1558,Cooper Zech,"South Lyon, MI",USA,,,,,
1559,Harrison Zolnierczyk,"Toronto, ON",Canada,,,,,
